program_id,result_id
AECB-BTJ02,DR-drr18-394
AECB-BTJ02,DR-drr18-393
AECB-BTJ02,DR-drr19-1078
AECB-BTJ02,DR-drr19-1077
AECB-BTJ02,DR-dp20-1078
AECB-BTJ02,DR-dp20-1077
AECB-BTJ01,DR-drr18-394
AECB-BTJ01,DR-drr18-393
AECB-BTJ01,DR-drr19-1078
AECB-BTJ01,DR-drr19-1077
AECB-BTJ01,DR-dp20-1078
AECB-BTJ01,DR-dp20-1077
AECB-BTJ03,DR-drr18-394
AECB-BTJ03,DR-drr18-393
AECB-BTJ03,DR-drr18-395
AECB-BTJ03,DR-drr19-1078
AECB-BTJ03,DR-drr19-1077
AECB-BTJ03,DR-drr19-1079
AECB-BTJ03,DR-dp20-1078
AECB-BTJ03,DR-dp20-1077
AECB-BTJ03,DR-dp20-1079
CCRA-BRA03,DR-drr18-419
CCRA-BRA03,DR-drr19-1317
CCRA-BRA03,DR-dp20-1317
CCRA-BRA06,DR-drr18-419
CCRA-BRA06,DR-drr19-1317
CCRA-BRA06,DR-dp20-1317
CCRA-BRA04,DR-drr18-419
CCRA-BRA04,DR-drr19-1317
CCRA-BRA04,DR-dp20-1317
CCRA-BRA02,DR-drr18-419
CCRA-BRA02,DR-drr19-1317
CCRA-BRA02,DR-dp20-1317
CCRA-BRA05,DR-drr18-419
CCRA-BRA05,DR-drr19-1317
CCRA-BRA05,DR-dp20-1317
CCRA-BRA08,DR-drr18-419
CCRA-BRA08,DR-drr19-1317
CCRA-BRA08,DR-dp20-1317
CCRA-BRA09,DR-drr18-419
CCRA-BRA09,DR-drr19-1317
CCRA-BRA09,DR-dp20-1317
CCRA-BRA10,DR-drr18-419
CCRA-BRA10,DR-drr19-1317
CCRA-BRA10,DR-dp20-1317
CCRA-BRA07,DR-drr18-419
CCRA-BRA07,DR-drr19-1317
CCRA-BRA07,DR-dp20-1317
CCRA-BRA11,DR-drr18-419
CCRA-BRA11,DR-drr19-1317
CCRA-BRA11,DR-dp20-1317
CCRA-BRA01,DR-drr18-419
CCRA-BRA01,DR-drr19-1317
CCRA-BRA01,DR-dp20-1317
ND-BUQ04,DR-drr18-348
ND-BUQ04,DR-drr18-347
ND-BUQ04,DR-drr19-1286
ND-BUQ04,DR-drr19-1287
ND-BUQ04,DR-dp20-1286
ND-BUQ04,DR-dp20-1287
ND-BUQ07,DR-drr18-348
ND-BUQ07,DR-drr18-347
ND-BUQ07,DR-drr19-1286
ND-BUQ07,DR-drr19-1287
ND-BUQ07,DR-dp20-1286
ND-BUQ07,DR-dp20-1287
ND-BUQ02,DR-drr18-348
ND-BUQ02,DR-drr18-347
ND-BUQ02,DR-drr19-1286
ND-BUQ02,DR-drr19-1287
ND-BUQ02,DR-dp20-1286
ND-BUQ02,DR-dp20-1287
ND-BUQ08,DR-drr18-348
ND-BUQ08,DR-drr18-347
ND-BUQ08,DR-drr19-1286
ND-BUQ08,DR-drr19-1287
ND-BUQ08,DR-dp20-1286
ND-BUQ08,DR-dp20-1287
ND-BUQ06,DR-drr18-348
ND-BUQ06,DR-drr18-347
ND-BUQ06,DR-drr19-1286
ND-BUQ06,DR-drr19-1287
ND-BUQ06,DR-dp20-1286
ND-BUQ06,DR-dp20-1287
ND-BUQ03,DR-drr18-348
ND-BUQ03,DR-drr18-347
ND-BUQ03,DR-drr19-1286
ND-BUQ03,DR-drr19-1287
ND-BUQ03,DR-dp20-1286
ND-BUQ03,DR-dp20-1287
ND-BUQ01,DR-drr18-348
ND-BUQ01,DR-drr18-347
ND-BUQ01,DR-drr19-1286
ND-BUQ01,DR-drr19-1287
ND-BUQ01,DR-dp20-1286
ND-BUQ01,DR-dp20-1287
ND-BUQ05,DR-drr18-348
ND-BUQ05,DR-drr18-347
ND-BUQ05,DR-drr19-1286
ND-BUQ05,DR-drr19-1287
ND-BUQ05,DR-dp20-1286
ND-BUQ05,DR-dp20-1287
CAS-BEG01,DR-drr18-193
CAS-BEG01,DR-drr18-195
CAS-BEG01,DR-drr19-1028
CAS-BEG01,DR-drr19-1026
CAS-BEG01,DR-dp20-1028
CAS-BEG01,DR-dp20-1026
CSC-BUJ05,DR-drr18-217
CSC-BUJ05,DR-drr19-1100
CSC-BUJ05,DR-dp20-1100
CSC-BUJ04,DR-drr18-217
CSC-BUJ04,DR-drr19-1100
CSC-BUJ04,DR-dp20-1100
CSC-BUJ07,DR-drr18-217
CSC-BUJ07,DR-drr19-1100
CSC-BUJ07,DR-dp20-1100
TC-BTW03,DR-drr18-435
TC-BTW03,DR-drr19-1191
TC-BTW03,DR-dp20-1191
TC-BTW20,DR-drr18-435
TC-BTW20,DR-drr18-437
TC-BTW20,DR-drr19-1191
TC-BTW20,DR-drr19-1192
TC-BTW20,DR-dp20-1191
TC-BTW20,DR-dp20-1192
TC-BTW21,DR-drr18-435
TC-BTW21,DR-drr18-437
TC-BTW21,DR-drr19-1191
TC-BTW21,DR-drr19-1192
TC-BTW21,DR-dp20-1191
TC-BTW21,DR-dp20-1192
TC-BTW15,DR-drr18-435
TC-BTW15,DR-drr19-1191
TC-BTW15,DR-dp20-1191
TC-BTW02,DR-drr18-435
TC-BTW02,DR-drr19-1191
TC-BTW02,DR-dp20-1191
TC-BTW01,DR-drr18-435
TC-BTW01,DR-drr19-1191
TC-BTW01,DR-dp20-1191
TC-BTW17,DR-drr18-435
TC-BTW17,DR-drr18-437
TC-BTW17,DR-drr19-1191
TC-BTW17,DR-drr19-1192
TC-BTW17,DR-dp20-1191
TC-BTW17,DR-dp20-1192
TC-BTW08,DR-drr18-435
TC-BTW08,DR-drr19-1191
TC-BTW08,DR-dp20-1191
TC-BTW25,DR-drr18-435
TC-BTW25,DR-drr18-436
TC-BTW25,DR-drr19-1191
TC-BTW25,DR-drr19-1190
TC-BTW25,DR-dp20-1191
TC-BTW25,DR-dp20-1190
TC-BTW09,DR-drr18-435
TC-BTW09,DR-drr19-1191
TC-BTW09,DR-dp20-1191
TC-BTW22,DR-drr18-435
TC-BTW22,DR-drr19-1191
TC-BTW22,DR-dp20-1191
TC-BTW16,DR-drr18-435
TC-BTW16,DR-drr18-437
TC-BTW16,DR-drr19-1191
TC-BTW16,DR-drr19-1192
TC-BTW16,DR-dp20-1191
TC-BTW16,DR-dp20-1192
TC-BTW23,DR-drr18-435
TC-BTW23,DR-drr18-436
TC-BTW06,DR-drr18-435
TC-BTW06,DR-drr19-1191
TC-BTW06,DR-dp20-1191
TC-BTW14,DR-drr18-435
TC-BTW14,DR-drr18-437
TC-BTW14,DR-drr19-1191
TC-BTW14,DR-drr19-1192
TC-BTW14,DR-dp20-1191
TC-BTW14,DR-dp20-1192
TC-BTW13,DR-drr18-435
TC-BTW13,DR-drr18-437
TC-BTW13,DR-drr19-1191
TC-BTW13,DR-drr19-1192
TC-BTW13,DR-dp20-1191
TC-BTW13,DR-dp20-1192
TC-BTW07,DR-drr18-435
TC-BTW07,DR-drr19-1191
TC-BTW07,DR-dp20-1191
OSFI-BVN02,DR-drr18-404
OSFI-BVN02,DR-drr18-403
OSFI-BVN02,DR-drr19-1139
OSFI-BVN02,DR-drr19-1140
OSFI-BVN02,DR-dp20-1139
OSFI-BVN02,DR-dp20-1140
OSFI-BVN04,DR-drr18-404
OSFI-BVN04,DR-drr18-403
OSFI-BVN04,DR-drr19-1139
OSFI-BVN04,DR-drr19-1140
OSFI-BVN04,DR-dp20-1139
OSFI-BVN04,DR-dp20-1140
OSFI-BVN01,DR-drr18-404
OSFI-BVN01,DR-drr18-403
OSFI-BVN01,DR-drr19-1139
OSFI-BVN01,DR-drr19-1140
OSFI-BVN01,DR-dp20-1139
OSFI-BVN01,DR-dp20-1140
OSFI-BVN03,DR-drr18-404
OSFI-BVN03,DR-drr18-403
OSFI-BVN03,DR-drr19-1139
OSFI-BVN03,DR-drr19-1140
OSFI-BVN03,DR-dp20-1139
OSFI-BVN03,DR-dp20-1140
NRC-BNQ18,DR-drr18-141
NRC-BNQ18,DR-drr18-142
NRC-BNQ18,DR-drr18-143
NRC-BNQ18,DR-drr19-1214
NRC-BNQ18,DR-drr19-1213
NRC-BNQ18,DR-drr19-1212
NRC-BNQ18,DR-dp20-1214
NRC-BNQ18,DR-dp20-1213
NRC-BNQ18,DR-dp20-1212
NRC-BNQ16,DR-drr18-141
NRC-BNQ16,DR-drr18-142
NRC-BNQ16,DR-drr18-143
NRC-BNQ16,DR-drr19-1214
NRC-BNQ16,DR-drr19-1213
NRC-BNQ16,DR-drr19-1212
NRC-BNQ16,DR-dp20-1214
NRC-BNQ16,DR-dp20-1213
NRC-BNQ16,DR-dp20-1212
NRC-BNQ01,DR-drr18-141
NRC-BNQ01,DR-drr18-142
NRC-BNQ01,DR-drr18-143
NRC-BNQ01,DR-drr19-1214
NRC-BNQ01,DR-drr19-1213
NRC-BNQ01,DR-drr19-1212
NRC-BNQ01,DR-dp20-1214
NRC-BNQ01,DR-dp20-1213
NRC-BNQ01,DR-dp20-1212
NRC-BNQ22,DR-drr18-141
NRC-BNQ22,DR-drr18-142
NRC-BNQ22,DR-drr18-143
NRC-BNQ22,DR-drr19-1214
NRC-BNQ22,DR-drr19-1213
NRC-BNQ22,DR-drr19-1212
NRC-BNQ22,DR-dp20-1214
NRC-BNQ22,DR-dp20-1213
NRC-BNQ22,DR-dp20-1212
NRC-BNQ15,DR-drr18-141
NRC-BNQ15,DR-drr18-142
NRC-BNQ15,DR-drr18-143
NRC-BNQ15,DR-drr19-1214
NRC-BNQ15,DR-drr19-1213
NRC-BNQ15,DR-drr19-1212
NRC-BNQ15,DR-dp20-1214
NRC-BNQ15,DR-dp20-1213
NRC-BNQ15,DR-dp20-1212
NRC-BNQ12,DR-drr18-141
NRC-BNQ12,DR-drr18-142
NRC-BNQ12,DR-drr18-143
NRC-BNQ12,DR-drr19-1214
NRC-BNQ12,DR-drr19-1213
NRC-BNQ12,DR-drr19-1212
NRC-BNQ12,DR-dp20-1214
NRC-BNQ12,DR-dp20-1213
NRC-BNQ12,DR-dp20-1212
NRC-BNQ17,DR-drr18-141
NRC-BNQ17,DR-drr19-1214
NRC-BNQ17,DR-dp20-1214
NRC-BNQ09,DR-drr18-141
NRC-BNQ09,DR-drr18-142
NRC-BNQ09,DR-drr18-143
NRC-BNQ07,DR-drr18-141
NRC-BNQ07,DR-drr18-142
NRC-BNQ07,DR-drr18-143
NRC-BNQ07,DR-drr19-1214
NRC-BNQ07,DR-drr19-1213
NRC-BNQ07,DR-drr19-1212
NRC-BNQ07,DR-dp20-1214
NRC-BNQ07,DR-dp20-1213
NRC-BNQ07,DR-dp20-1212
NRC-BNQ25,DR-dp20-1214
NRC-BNQ25,DR-dp20-1213
NRC-BNQ25,DR-dp20-1212
NRC-BNQ24,DR-drr19-1214
NRC-BNQ24,DR-drr19-1213
NRC-BNQ24,DR-drr19-1212
NRC-BNQ24,DR-dp20-1214
NRC-BNQ24,DR-dp20-1213
NRC-BNQ24,DR-dp20-1212
NRC-BNQ23,DR-drr19-1214
NRC-BNQ23,DR-drr19-1213
NRC-BNQ23,DR-drr19-1212
NRC-BNQ23,DR-dp20-1214
NRC-BNQ23,DR-dp20-1213
NRC-BNQ23,DR-dp20-1212
NRC-BNQ20,DR-drr18-141
NRC-BNQ20,DR-drr18-142
NRC-BNQ20,DR-drr18-143
NRC-BNQ20,DR-drr19-1214
NRC-BNQ20,DR-drr19-1213
NRC-BNQ20,DR-drr19-1212
NRC-BNQ20,DR-dp20-1214
NRC-BNQ20,DR-dp20-1213
NRC-BNQ20,DR-dp20-1212
NRC-BNQ06,DR-drr18-141
NRC-BNQ06,DR-drr18-142
NRC-BNQ06,DR-drr18-143
NRC-BNQ06,DR-drr19-1214
NRC-BNQ06,DR-drr19-1213
NRC-BNQ06,DR-drr19-1212
NRC-BNQ06,DR-dp20-1214
NRC-BNQ06,DR-dp20-1213
NRC-BNQ06,DR-dp20-1212
NRC-BNQ13,DR-drr18-141
NRC-BNQ13,DR-drr18-142
NRC-BNQ13,DR-drr18-143
NRC-BNQ13,DR-drr19-1214
NRC-BNQ13,DR-drr19-1213
NRC-BNQ13,DR-drr19-1212
NRC-BNQ13,DR-dp20-1214
NRC-BNQ13,DR-dp20-1213
NRC-BNQ13,DR-dp20-1212
NRC-BNQ21,DR-drr18-141
NRC-BNQ21,DR-drr18-142
NRC-BNQ21,DR-drr18-143
NRC-BNQ21,DR-drr19-1214
NRC-BNQ21,DR-drr19-1213
NRC-BNQ21,DR-drr19-1212
NRC-BNQ21,DR-dp20-1214
NRC-BNQ21,DR-dp20-1213
NRC-BNQ21,DR-dp20-1212
NRC-BNQ19,DR-drr18-141
NRC-BNQ19,DR-drr18-142
NRC-BNQ19,DR-drr18-143
NRC-BNQ19,DR-drr19-1214
NRC-BNQ19,DR-drr19-1213
NRC-BNQ19,DR-drr19-1212
NRC-BNQ19,DR-dp20-1214
NRC-BNQ19,DR-dp20-1213
NRC-BNQ19,DR-dp20-1212
NRC-BNQ05,DR-drr18-141
NRC-BNQ05,DR-drr18-142
NRC-BNQ05,DR-drr18-143
NRC-BNQ05,DR-drr19-1214
NRC-BNQ05,DR-drr19-1213
NRC-BNQ05,DR-drr19-1212
NRC-BNQ05,DR-dp20-1214
NRC-BNQ05,DR-dp20-1213
NRC-BNQ05,DR-dp20-1212
NRC-BNQ11,DR-drr18-141
NRC-BNQ11,DR-drr18-142
NRC-BNQ11,DR-drr18-143
NRC-BNQ11,DR-drr19-1214
NRC-BNQ11,DR-drr19-1213
NRC-BNQ11,DR-drr19-1212
NRC-BNQ11,DR-dp20-1214
NRC-BNQ11,DR-dp20-1213
NRC-BNQ11,DR-dp20-1212
NRC-BNQ04,DR-drr18-141
NRC-BNQ04,DR-drr18-142
NRC-BNQ04,DR-drr18-143
NRC-BNQ04,DR-drr19-1214
NRC-BNQ04,DR-drr19-1213
NRC-BNQ04,DR-drr19-1212
NRC-BNQ04,DR-dp20-1214
NRC-BNQ04,DR-dp20-1213
NRC-BNQ04,DR-dp20-1212
NRC-BNQ10,DR-drr18-141
NRC-BNQ10,DR-drr19-1214
NRC-BNQ10,DR-dp20-1214
NRC-BNQ02,DR-drr18-141
NRC-BNQ02,DR-drr18-142
NRC-BNQ02,DR-drr18-143
NRC-BNQ02,DR-drr19-1214
NRC-BNQ02,DR-drr19-1213
NRC-BNQ02,DR-drr19-1212
NRC-BNQ02,DR-dp20-1214
NRC-BNQ02,DR-dp20-1213
NRC-BNQ02,DR-dp20-1212
NRC-BNQ03,DR-drr18-141
NRC-BNQ03,DR-drr18-142
NRC-BNQ03,DR-drr18-143
NRC-BNQ03,DR-drr19-1214
NRC-BNQ03,DR-drr19-1213
NRC-BNQ03,DR-drr19-1212
NRC-BNQ03,DR-dp20-1214
NRC-BNQ03,DR-dp20-1213
NRC-BNQ03,DR-dp20-1212
CSA-BLM02,DR-drr18-250
CSA-BLM02,DR-drr18-252
CSA-BLM02,DR-drr18-251
CSA-BLM02,DR-drr18-253
CSA-BLM02,DR-drr19-1126
CSA-BLM02,DR-drr19-1128
CSA-BLM02,DR-drr19-1127
CSA-BLM02,DR-drr19-1129
CSA-BLM02,DR-dp20-1126
CSA-BLM02,DR-dp20-1128
CSA-BLM02,DR-dp20-1127
CSA-BLM02,DR-dp20-1129
CSA-BLM01,DR-drr18-250
CSA-BLM01,DR-drr18-252
CSA-BLM01,DR-drr18-251
CSA-BLM01,DR-drr18-253
CSA-BLM01,DR-drr19-1126
CSA-BLM01,DR-drr19-1128
CSA-BLM01,DR-drr19-1127
CSA-BLM01,DR-drr19-1129
CSA-BLM01,DR-dp20-1126
CSA-BLM01,DR-dp20-1128
CSA-BLM01,DR-dp20-1127
CSA-BLM01,DR-dp20-1129
CSA-BLM03,DR-drr18-250
CSA-BLM03,DR-drr18-252
CSA-BLM03,DR-drr18-251
CSA-BLM03,DR-drr18-253
CSA-BLM03,DR-drr19-1126
CSA-BLM03,DR-drr19-1128
CSA-BLM03,DR-drr19-1127
CSA-BLM03,DR-drr19-1129
CSA-BLM03,DR-dp20-1126
CSA-BLM03,DR-dp20-1128
CSA-BLM03,DR-dp20-1127
CSA-BLM03,DR-dp20-1129
INDSC-BWT05,DR-drr18-430
AGR-BWO02,DR-drr18-368
AGR-BWO02,DR-drr18-369
AGR-BWO02,DR-drr19-914
AGR-BWO02,DR-drr19-915
AGR-BWO02,DR-dp20-914
AGR-BWO02,DR-dp20-915
AGR-BWO04,DR-drr18-368
AGR-BWO04,DR-drr18-369
AGR-BWO04,DR-drr19-914
AGR-BWO04,DR-drr19-915
AGR-BWO04,DR-dp20-914
AGR-BWO04,DR-dp20-915
AGR-BWO01,DR-drr18-368
AGR-BWO01,DR-drr18-369
AGR-BWO01,DR-drr19-914
AGR-BWO01,DR-drr19-915
AGR-BWO01,DR-dp20-914
AGR-BWO01,DR-dp20-915
AGR-BWO06,DR-drr18-368
AGR-BWO06,DR-drr18-369
AGR-BWO06,DR-drr19-914
AGR-BWO06,DR-drr19-915
AGR-BWO06,DR-dp20-914
AGR-BWO06,DR-dp20-915
INDSC-BXM06,DR-dp20-1326
INDSC-BXM06,DR-drr19-1326
INDSC-BXM04,DR-dp20-1326
INDSC-BXM04,DR-dp20-1327
INDSC-BXM04,DR-drr19-1326
INDSC-BXM04,DR-drr19-1327
INDSC-BXM08,DR-dp20-1326
INDSC-BXM08,DR-drr19-1326
INDSC-BXM07,DR-dp20-1326
INDSC-BXM07,DR-drr19-1326
INDSC-BXM05,DR-dp20-1326
INDSC-BXM05,DR-drr19-1326
INDSC-BXM03,DR-dp20-1326
INDSC-BXM03,DR-drr19-1326
EA-BVB03,DR-drr18-91
EA-BVB03,DR-drr18-89
EA-BVB03,DR-drr18-88
EA-BVB03,DR-drr18-90
EA-BVB03,DR-drr19-942
EA-BVB03,DR-drr19-940
EA-BVB03,DR-drr19-939
EA-BVB03,DR-drr19-941
EA-BVB03,DR-dp20-942
EA-BVB03,DR-dp20-940
EA-BVB03,DR-dp20-939
EA-BVB03,DR-dp20-941
EA-BVB16,DR-drr18-91
EA-BVB16,DR-drr18-89
EA-BVB16,DR-drr18-88
EA-BVB16,DR-drr18-90
EA-BVB15,DR-drr18-91
EA-BVB15,DR-drr18-89
EA-BVB15,DR-drr18-88
EA-BVB15,DR-drr19-942
EA-BVB15,DR-drr19-940
EA-BVB15,DR-drr19-939
EA-BVB06,DR-drr18-91
EA-BVB06,DR-drr18-89
EA-BVB06,DR-drr18-88
EA-BVB06,DR-drr18-90
EA-BVB06,DR-drr19-942
EA-BVB06,DR-drr19-940
EA-BVB06,DR-drr19-939
EA-BVB06,DR-drr19-941
EA-BVB06,DR-dp20-942
EA-BVB06,DR-dp20-940
EA-BVB06,DR-dp20-939
EA-BVB06,DR-dp20-941
EA-BVB12,DR-drr18-91
EA-BVB12,DR-drr18-89
EA-BVB12,DR-drr18-90
EA-BVB12,DR-drr19-942
EA-BVB12,DR-drr19-940
EA-BVB12,DR-drr19-941
EA-BVB17,DR-drr18-91
EA-BVB17,DR-drr18-89
EA-BVB17,DR-drr18-88
EA-BVB17,DR-drr19-942
EA-BVB17,DR-drr19-940
EA-BVB17,DR-drr19-939
EA-BVB08,DR-drr18-91
EA-BVB08,DR-drr18-89
EA-BVB08,DR-drr18-88
EA-BVB08,DR-drr18-90
EA-BVB08,DR-drr19-942
EA-BVB08,DR-drr19-940
EA-BVB08,DR-drr19-939
EA-BVB08,DR-drr19-941
EA-BVB08,DR-dp20-942
EA-BVB08,DR-dp20-940
EA-BVB08,DR-dp20-939
EA-BVB08,DR-dp20-941
EA-BVB09,DR-drr18-91
EA-BVB09,DR-drr18-89
EA-BVB09,DR-drr18-88
EA-BVB09,DR-drr18-90
EA-BVB09,DR-drr19-942
EA-BVB09,DR-drr19-940
EA-BVB09,DR-drr19-939
EA-BVB09,DR-drr19-941
EA-BVB09,DR-dp20-942
EA-BVB09,DR-dp20-940
EA-BVB09,DR-dp20-939
EA-BVB09,DR-dp20-941
EA-BVB02,DR-drr18-91
EA-BVB02,DR-drr18-89
EA-BVB02,DR-drr18-88
EA-BVB02,DR-drr18-90
EA-BVB11,DR-drr18-91
EA-BVB11,DR-drr18-89
EA-BVB11,DR-drr18-88
EA-BVB11,DR-drr18-90
EA-BVB11,DR-drr19-942
EA-BVB11,DR-drr19-940
EA-BVB11,DR-drr19-939
EA-BVB11,DR-drr19-941
EA-BVB01,DR-drr18-91
EA-BVB01,DR-drr18-89
EA-BVB01,DR-drr18-88
EA-BVB01,DR-drr18-90
EA-BVB01,DR-drr19-942
EA-BVB01,DR-drr19-940
EA-BVB01,DR-drr19-939
EA-BVB01,DR-drr19-941
EA-BVB01,DR-dp20-942
EA-BVB01,DR-dp20-940
EA-BVB01,DR-dp20-939
EA-BVB01,DR-dp20-941
EA-BVB10,DR-drr18-91
EA-BVB10,DR-drr18-89
EA-BVB10,DR-drr18-88
EA-BVB10,DR-drr18-90
EA-BVB10,DR-drr19-942
EA-BVB10,DR-drr19-940
EA-BVB10,DR-drr19-939
EA-BVB10,DR-drr19-941
EA-BVB10,DR-dp20-942
EA-BVB10,DR-dp20-940
EA-BVB10,DR-dp20-939
EA-BVB10,DR-dp20-941
EA-BVB13,DR-drr18-91
EA-BVB13,DR-drr18-89
EA-BVB13,DR-drr19-942
EA-BVB13,DR-drr19-940
EA-BVB14,DR-drr18-91
EA-BVB14,DR-drr18-89
EA-BVB14,DR-drr19-942
EA-BVB14,DR-drr19-940
EA-BVB07,DR-drr18-91
EA-BVB07,DR-drr18-89
EA-BVB07,DR-drr18-88
EA-BVB07,DR-drr18-90
EA-BVB07,DR-drr19-942
EA-BVB07,DR-drr19-940
EA-BVB07,DR-drr19-939
EA-BVB07,DR-drr19-941
EA-BVB07,DR-dp20-942
EA-BVB07,DR-dp20-940
EA-BVB07,DR-dp20-939
EA-BVB07,DR-dp20-941
EA-BVB04,DR-drr18-91
EA-BVB04,DR-drr18-89
EA-BVB04,DR-drr18-88
EA-BVB04,DR-drr18-90
EA-BVB04,DR-drr19-942
EA-BVB04,DR-drr19-940
EA-BVB04,DR-drr19-939
EA-BVB04,DR-drr19-941
EA-BVB04,DR-dp20-942
EA-BVB04,DR-dp20-940
EA-BVB04,DR-dp20-939
EA-BVB04,DR-dp20-941
EA-BVB20,DR-dp20-940
FO-BTF10,DR-drr18-285
FO-BTF10,DR-drr19-922
FO-BTF10,DR-dp20-922
FO-BTF11,DR-drr18-285
FO-BTF11,DR-drr19-922
FO-BTF11,DR-dp20-922
OICC-BTK08,DR-drr18-446
OICC-BTK08,DR-drr18-444
OICC-BTK08,DR-drr18-445
OICC-BTK08,DR-drr18-449
OICC-BTK08,DR-drr18-447
OICC-BTK08,DR-drr19-446
OICC-BTK08,DR-drr19-444
OICC-BTK08,DR-drr19-445
OICC-BTK08,DR-drr19-449
OICC-BTK08,DR-drr19-447
OICC-BTK08,DR-dp20-446
OICC-BTK08,DR-dp20-444
OICC-BTK08,DR-dp20-445
OICC-BTK08,DR-dp20-449
OICC-BTK08,DR-dp20-447
OICC-BTK09,DR-drr18-446
OICC-BTK09,DR-drr18-444
OICC-BTK09,DR-drr18-445
OICC-BTK09,DR-drr18-449
OICC-BTK09,DR-drr18-447
OICC-BTK09,DR-drr19-446
OICC-BTK09,DR-drr19-444
OICC-BTK09,DR-drr19-445
OICC-BTK09,DR-drr19-449
OICC-BTK09,DR-drr19-447
OICC-BTK09,DR-dp20-446
OICC-BTK09,DR-dp20-444
OICC-BTK09,DR-dp20-445
OICC-BTK09,DR-dp20-449
OICC-BTK09,DR-dp20-447
OICC-BTK07,DR-drr18-446
OICC-BTK07,DR-drr18-444
OICC-BTK07,DR-drr18-445
OICC-BTK07,DR-drr18-448
OICC-BTK07,DR-drr18-449
OICC-BTK07,DR-drr18-447
OICC-BTK07,DR-drr19-446
OICC-BTK07,DR-drr19-444
OICC-BTK07,DR-drr19-445
OICC-BTK07,DR-drr19-448
OICC-BTK07,DR-drr19-449
OICC-BTK07,DR-drr19-447
OICC-BTK07,DR-dp20-446
OICC-BTK07,DR-dp20-444
OICC-BTK07,DR-dp20-445
OICC-BTK07,DR-dp20-448
OICC-BTK07,DR-dp20-449
OICC-BTK07,DR-dp20-447
OICC-BTK02,DR-drr18-446
OICC-BTK02,DR-drr18-444
OICC-BTK02,DR-drr18-445
OICC-BTK02,DR-drr18-448
OICC-BTK02,DR-drr18-449
OICC-BTK02,DR-drr18-447
OICC-BTK02,DR-drr19-446
OICC-BTK02,DR-drr19-444
OICC-BTK02,DR-drr19-445
OICC-BTK02,DR-drr19-448
OICC-BTK02,DR-drr19-449
OICC-BTK02,DR-drr19-447
OICC-BTK02,DR-dp20-446
OICC-BTK02,DR-dp20-444
OICC-BTK02,DR-dp20-445
OICC-BTK02,DR-dp20-448
OICC-BTK02,DR-dp20-449
OICC-BTK02,DR-dp20-447
OICC-BTK01,DR-drr18-446
OICC-BTK01,DR-drr18-444
OICC-BTK01,DR-drr18-445
OICC-BTK01,DR-drr18-448
OICC-BTK01,DR-drr18-449
OICC-BTK01,DR-drr18-447
OICC-BTK01,DR-drr19-446
OICC-BTK01,DR-drr19-444
OICC-BTK01,DR-drr19-445
OICC-BTK01,DR-drr19-448
OICC-BTK01,DR-drr19-449
OICC-BTK01,DR-drr19-447
OICC-BTK01,DR-dp20-446
OICC-BTK01,DR-dp20-444
OICC-BTK01,DR-dp20-445
OICC-BTK01,DR-dp20-448
OICC-BTK01,DR-dp20-449
OICC-BTK01,DR-dp20-447
OICC-BTK06,DR-drr18-446
OICC-BTK06,DR-drr18-444
OICC-BTK06,DR-drr18-445
OICC-BTK06,DR-drr18-448
OICC-BTK06,DR-drr18-449
OICC-BTK06,DR-drr18-447
OICC-BTK06,DR-drr19-446
OICC-BTK06,DR-drr19-444
OICC-BTK06,DR-drr19-445
OICC-BTK06,DR-drr19-448
OICC-BTK06,DR-drr19-449
OICC-BTK06,DR-drr19-447
OICC-BTK06,DR-dp20-446
OICC-BTK06,DR-dp20-444
OICC-BTK06,DR-dp20-445
OICC-BTK06,DR-dp20-448
OICC-BTK06,DR-dp20-449
OICC-BTK06,DR-dp20-447
OICC-BTK03,DR-drr18-446
OICC-BTK03,DR-drr18-444
OICC-BTK03,DR-drr18-445
OICC-BTK03,DR-drr18-448
OICC-BTK03,DR-drr18-449
OICC-BTK03,DR-drr18-447
OICC-BTK03,DR-drr19-446
OICC-BTK03,DR-drr19-444
OICC-BTK03,DR-drr19-445
OICC-BTK03,DR-drr19-448
OICC-BTK03,DR-drr19-449
OICC-BTK03,DR-drr19-447
OICC-BTK03,DR-dp20-446
OICC-BTK03,DR-dp20-444
OICC-BTK03,DR-dp20-445
OICC-BTK03,DR-dp20-448
OICC-BTK03,DR-dp20-449
OICC-BTK03,DR-dp20-447
OICC-BTK11,DR-drr18-446
OICC-BTK11,DR-drr18-444
OICC-BTK11,DR-drr18-445
OICC-BTK11,DR-drr18-448
OICC-BTK11,DR-drr18-449
OICC-BTK11,DR-drr18-447
OICC-BTK11,DR-drr19-446
OICC-BTK11,DR-drr19-444
OICC-BTK11,DR-drr19-445
OICC-BTK11,DR-drr19-448
OICC-BTK11,DR-drr19-449
OICC-BTK11,DR-drr19-447
OICC-BTK11,DR-dp20-446
OICC-BTK11,DR-dp20-444
OICC-BTK11,DR-dp20-445
OICC-BTK11,DR-dp20-448
OICC-BTK11,DR-dp20-449
OICC-BTK11,DR-dp20-447
OICC-BTK10,DR-drr18-446
OICC-BTK10,DR-drr18-444
OICC-BTK10,DR-drr18-445
OICC-BTK10,DR-drr18-448
OICC-BTK10,DR-drr18-449
OICC-BTK10,DR-drr18-447
OICC-BTK10,DR-drr19-446
OICC-BTK10,DR-drr19-444
OICC-BTK10,DR-drr19-445
OICC-BTK10,DR-drr19-448
OICC-BTK10,DR-drr19-449
OICC-BTK10,DR-drr19-447
OICC-BTK10,DR-dp20-446
OICC-BTK10,DR-dp20-444
OICC-BTK10,DR-dp20-445
OICC-BTK10,DR-dp20-448
OICC-BTK10,DR-dp20-449
OICC-BTK10,DR-dp20-447
OICC-BTK05,DR-drr18-446
OICC-BTK05,DR-drr18-444
OICC-BTK05,DR-drr18-445
OICC-BTK05,DR-drr18-448
OICC-BTK05,DR-drr18-449
OICC-BTK05,DR-drr18-447
OICC-BTK05,DR-drr19-446
OICC-BTK05,DR-drr19-444
OICC-BTK05,DR-drr19-445
OICC-BTK05,DR-drr19-448
OICC-BTK05,DR-drr19-449
OICC-BTK05,DR-drr19-447
OICC-BTK05,DR-dp20-446
OICC-BTK05,DR-dp20-444
OICC-BTK05,DR-dp20-445
OICC-BTK05,DR-dp20-448
OICC-BTK05,DR-dp20-449
OICC-BTK05,DR-dp20-447
OICC-BTK04,DR-drr18-446
OICC-BTK04,DR-drr18-444
OICC-BTK04,DR-drr18-445
OICC-BTK04,DR-drr18-448
OICC-BTK04,DR-drr18-449
OICC-BTK04,DR-drr18-447
OICC-BTK04,DR-drr19-446
OICC-BTK04,DR-drr19-444
OICC-BTK04,DR-drr19-445
OICC-BTK04,DR-drr19-448
OICC-BTK04,DR-drr19-449
OICC-BTK04,DR-drr19-447
OICC-BTK04,DR-dp20-446
OICC-BTK04,DR-dp20-444
OICC-BTK04,DR-dp20-445
OICC-BTK04,DR-dp20-448
OICC-BTK04,DR-dp20-449
OICC-BTK04,DR-dp20-447
FJA-BNZ02,DR-drr18-390
FJA-BNZ02,DR-drr18-389
FJA-BNZ02,DR-drr19-1043
FJA-BNZ02,DR-drr19-1042
FJA-BNZ02,DR-dp20-1043
FJA-BNZ02,DR-dp20-1042
ORL-BVA02,DR-drr18-75
ORL-BVA02,DR-drr18-74
ORL-BVA02,DR-drr19-1051
ORL-BVA02,DR-drr19-1050
SHARE-BWG04,DR-dp20-1237
SHARE-BWG04,DR-dp20-1239
SHARE-BWG04,DR-dp20-1238
SHARE-BWG03,DR-drr18-363
SHARE-BWG03,DR-drr18-364
SHARE-BWG03,DR-drr18-365
SHARE-BWG03,DR-drr19-1237
SHARE-BWG03,DR-drr19-1239
SHARE-BWG03,DR-drr19-1238
SHARE-BWG01,DR-drr18-363
SHARE-BWG01,DR-drr18-365
SHARE-BWG01,DR-drr19-1237
SHARE-BWG01,DR-drr19-1238
ND-BUO10,DR-drr18-341
ND-BUO10,DR-drr19-1280
ND-BUO10,DR-dp20-1407
ND-BUO02,DR-drr18-341
ND-BUO02,DR-drr18-340
ND-BUO02,DR-drr19-1280
ND-BUO02,DR-drr19-1279
ND-BUO02,DR-dp20-1407
ND-BUO02,DR-dp20-1279
ND-BUO06,DR-drr18-341
ND-BUO06,DR-drr18-340
ND-BUO06,DR-drr19-1280
ND-BUO06,DR-drr19-1279
ND-BUO06,DR-dp20-1407
ND-BUO06,DR-dp20-1279
ND-BUO05,DR-drr18-341
ND-BUO05,DR-drr18-340
ND-BUO05,DR-drr19-1280
ND-BUO05,DR-drr19-1279
ND-BUO05,DR-dp20-1407
ND-BUO05,DR-dp20-1279
ND-BUO08,DR-drr18-341
ND-BUO08,DR-drr18-340
ND-BUO08,DR-drr19-1280
ND-BUO08,DR-drr19-1279
ND-BUO08,DR-dp20-1407
ND-BUO08,DR-dp20-1279
ND-BUO03,DR-drr18-341
ND-BUO03,DR-drr18-340
ND-BUO03,DR-drr19-1280
ND-BUO03,DR-drr19-1279
ND-BUO03,DR-dp20-1407
ND-BUO03,DR-dp20-1279
ND-BUO04,DR-drr18-341
ND-BUO04,DR-drr18-340
ND-BUO04,DR-drr19-1280
ND-BUO04,DR-drr19-1279
ND-BUO04,DR-dp20-1407
ND-BUO04,DR-dp20-1279
INDSC-BXQ01,DR-dp20-1331
INDSC-BXQ01,DR-dp20-1332
INDSC-BXQ01,DR-drr19-1331
INDSC-BXQ01,DR-drr19-1332
INDSC-BXQ02,DR-dp20-1331
INDSC-BXQ02,DR-dp20-1332
INDSC-BXQ02,DR-drr19-1331
INDSC-BXQ02,DR-drr19-1332
INDSC-BXQ03,DR-dp20-1331
INDSC-BXQ03,DR-dp20-1332
INDSC-BXQ03,DR-drr19-1331
INDSC-BXQ03,DR-drr19-1332
CFIA-BUH08,DR-drr18-388
CFIA-BUH08,DR-drr18-387
CFIA-BUH08,DR-drr19-1271
CFIA-BUH08,DR-drr19-1272
CFIA-BUH08,DR-dp20-1271
CFIA-BUH08,DR-dp20-1272
CFIA-BUH12,DR-drr18-388
CFIA-BUH12,DR-drr18-386
CFIA-BUH12,DR-drr19-1271
CFIA-BUH12,DR-drr19-1273
CFIA-BUH12,DR-dp20-1271
CFIA-BUH12,DR-dp20-1273
CFIA-BUH13,DR-drr18-388
CFIA-BUH13,DR-drr19-1271
CFIA-BUH13,DR-dp20-1271
CFIA-BUH15,DR-drr18-388
CFIA-BUH15,DR-drr19-1271
CFIA-BUH15,DR-dp20-1271
CFIA-BUH14,DR-drr18-388
CFIA-BUH14,DR-drr19-1271
CFIA-BUH14,DR-dp20-1271
CFIA-BUH04,DR-drr18-388
CFIA-BUH04,DR-drr18-387
CFIA-BUH04,DR-drr19-1271
CFIA-BUH04,DR-drr19-1272
CFIA-BUH04,DR-dp20-1271
CFIA-BUH04,DR-dp20-1272
EA-BVD04,DR-drr18-97
EA-BVD04,DR-drr18-95
EA-BVD04,DR-drr18-96
EA-BVD04,DR-drr19-947
EA-BVD04,DR-drr19-950
EA-BVD04,DR-drr19-946
EA-BVD04,DR-dp20-947
EA-BVD04,DR-dp20-950
EA-BVD04,DR-dp20-946
EA-BVD01,DR-drr18-97
EA-BVD01,DR-drr18-99
EA-BVD01,DR-drr18-95
EA-BVD01,DR-drr18-96
EA-BVD01,DR-drr18-98
EA-BVD01,DR-drr19-947
EA-BVD01,DR-drr19-949
EA-BVD01,DR-drr19-950
EA-BVD01,DR-drr19-946
EA-BVD01,DR-drr19-948
EA-BVD01,DR-dp20-947
EA-BVD01,DR-dp20-949
EA-BVD01,DR-dp20-950
EA-BVD01,DR-dp20-946
EA-BVD01,DR-dp20-948
EA-BVD02,DR-drr18-97
EA-BVD02,DR-drr19-947
EA-BVD02,DR-dp20-947
JUS-BNY04,DR-drr18-204
JUS-BNY04,DR-drr19-1109
JUS-BNY04,DR-dp20-1109
JUS-BNY08,DR-drr18-204
JUS-BNY08,DR-drr19-1109
JUS-BNY08,DR-dp20-1109
JUS-BNY06,DR-drr18-204
JUS-BNY06,DR-drr18-205
JUS-BNY06,DR-drr19-1109
JUS-BNY06,DR-drr19-1110
JUS-BNY06,DR-dp20-1109
JUS-BNY06,DR-dp20-1110
CPCC-BWX02,DR-drr18-139
CPCC-BWX02,DR-drr18-137
CPCC-BWX02,DR-drr18-140
CPCC-BWX02,DR-drr18-138
CPCC-BWX02,DR-drr19-1132
CPCC-BWX02,DR-drr19-1130
CPCC-BWX02,DR-drr19-1133
CPCC-BWX02,DR-drr19-1131
CPCC-BWX02,DR-dp20-1132
CPCC-BWX02,DR-dp20-1130
CPCC-BWX02,DR-dp20-1133
CPCC-BWX02,DR-dp20-1131
CPCC-BWX01,DR-drr18-139
CPCC-BWX01,DR-drr18-137
CPCC-BWX01,DR-drr18-140
CPCC-BWX01,DR-drr18-138
CPCC-BWX01,DR-drr19-1132
CPCC-BWX01,DR-drr19-1130
CPCC-BWX01,DR-drr19-1133
CPCC-BWX01,DR-drr19-1131
CPCC-BWX01,DR-dp20-1132
CPCC-BWX01,DR-dp20-1130
CPCC-BWX01,DR-dp20-1133
CPCC-BWX01,DR-dp20-1131
ISC-BNO03,DR-drr18-130
ISC-BNO03,DR-drr18-129
ISC-BNO03,DR-drr18-128
ISC-BNO03,DR-drr19-975
ISC-BNO03,DR-drr19-974
ISC-BNO03,DR-drr19-973
ISC-BNO03,DR-dp20-975
ISC-BNO03,DR-dp20-974
ISC-BNO03,DR-dp20-973
ISC-BNO01,DR-drr18-130
ISC-BNO01,DR-drr18-129
ISC-BNO01,DR-drr19-975
ISC-BNO01,DR-drr19-974
ISC-BNO01,DR-dp20-975
ISC-BNO01,DR-dp20-974
ISC-BNO02,DR-drr18-130
ISC-BNO02,DR-drr19-975
ISC-BNO02,DR-dp20-975
ISC-BNO04,DR-drr18-130
ISC-BNO04,DR-drr18-129
ISC-BNO04,DR-drr19-975
ISC-BNO04,DR-drr19-974
ISC-BNO04,DR-dp20-975
ISC-BNO04,DR-dp20-974
CEAA-BGV02,DR-drr18-41
CEAA-BGV02,DR-drr18-40
CEAA-BGV02,DR-drr18-39
CEAA-BGV02,DR-drr19-1016
CEAA-BGV02,DR-drr19-1017
CEAA-BGV02,DR-drr19-1018
CEAA-BGV02,DR-dp20-1404
CEAA-BGV02,DR-dp20-1403
CEAA-BGV02,DR-dp20-1402
CEAA-BGV01,DR-drr18-41
CEAA-BGV01,DR-drr18-40
CEAA-BGV01,DR-drr18-39
CEAA-BGV01,DR-drr19-1016
CEAA-BGV01,DR-drr19-1017
CEAA-BGV01,DR-drr19-1018
CEAA-BGV01,DR-dp20-1404
CEAA-BGV01,DR-dp20-1403
CEAA-BGV01,DR-dp20-1402
NEB-BTA01,DR-drr18-327
NEB-BTA01,DR-drr18-326
NEB-BTA01,DR-drr18-325
NEB-BXY01,DR-drr19-1030
NEB-BXY01,DR-drr19-1031
NEB-BXY01,DR-drr19-1032
NEB-BXY01,DR-dp20-1030
NEB-BXY01,DR-dp20-1031
NEB-BXY01,DR-dp20-1032
EA-BVB05,DR-drr18-88
EA-BVB05,DR-drr19-939
EA-BVB05,DR-dp20-939
EA-BVB19,DR-drr19-939
EA-BVB19,DR-dp20-939
INDSC-BXL01,DR-dp20-1324
INDSC-BXL01,DR-drr19-1324
INDSC-BXL02,DR-dp20-1324
INDSC-BXL02,DR-drr19-1324
INDSC-BXL04,DR-dp20-1324
INDSC-BXL03,DR-dp20-1324
INDSC-BXL03,DR-drr19-1324
FO-BTF13,DR-dp20-1345
FO-BTF13,DR-dp20-1343
FO-BTF03,DR-drr18-282
FO-BTF03,DR-drr19-919
FO-BTF03,DR-dp20-1345
CSC-BUK04,DR-drr18-218
CSC-BUK04,DR-drr19-1101
CSC-BUK04,DR-dp20-1101
CSC-BUK06,DR-drr18-218
CSC-BUK06,DR-drr19-1101
CSC-BUK10,DR-drr18-218
CSC-BUK10,DR-drr19-1101
CSC-BUK10,DR-dp20-1101
CSC-BUK03,DR-drr18-218
CSC-BUK03,DR-drr19-1101
CSC-BUK03,DR-dp20-1101
CSC-BUK02,DR-drr18-218
CSC-BUK02,DR-drr19-1101
CSC-BUK02,DR-dp20-1101
CSC-BUK08,DR-drr18-218
CSC-BUK08,DR-drr19-1101
CSC-BUK08,DR-dp20-1101
CSC-BUK07,DR-drr18-218
CSC-BUK07,DR-drr19-1101
CSC-BUK05,DR-drr18-218
CSC-BUK05,DR-drr19-1101
CSC-BUK09,DR-drr18-218
CSC-BUK09,DR-drr19-1101
CSC-BUK09,DR-dp20-1101
CSC-BUK01,DR-drr18-218
CSC-BUK01,DR-drr19-1101
CSC-BUK01,DR-dp20-1101
CSC-BUK11,DR-dp20-1101
INDSC-BXP07,DR-dp20-1330
INDSC-BXP07,DR-drr19-1330
INDSC-BXP08,DR-dp20-1330
INDSC-BXP08,DR-drr19-1330
INDSC-BXP02,DR-dp20-1330
INDSC-BXP02,DR-drr19-1330
INDSC-BXP01,DR-dp20-1330
INDSC-BXP01,DR-drr19-1330
INDSC-BXP09,DR-dp20-1330
INDSC-BXP09,DR-drr19-1330
INDSC-BXP05,DR-dp20-1330
INDSC-BXP05,DR-drr19-1330
INDSC-BXP06,DR-dp20-1330
INDSC-BXP06,DR-drr19-1330
HRSD-BGN03,DR-drr18-17
HRSD-BGN03,DR-drr18-16
HRSD-BGN03,DR-drr18-18
HRSD-BGN03,DR-drr19-17
HRSD-BGN03,DR-drr19-465
HRSD-BGN03,DR-drr19-466
HRSD-BGN03,DR-dp20-17
HRSD-BGN03,DR-dp20-465
HRSD-BGN03,DR-dp20-466
HRSD-BGN02,DR-drr18-17
HRSD-BGN02,DR-drr18-18
HRSD-BGN02,DR-drr19-17
HRSD-BGN02,DR-drr19-466
HRSD-BGN02,DR-dp20-17
HRSD-BGN02,DR-dp20-466
ND-BUO01,DR-drr18-340
ND-BUO01,DR-drr19-1279
ND-BUO01,DR-dp20-1279
ND-BUO11,DR-drr18-340
ND-BUO11,DR-drr19-1279
ND-BUO11,DR-dp20-1279
ND-BUO07,DR-drr18-340
ND-BUO07,DR-drr19-1279
ND-BUO07,DR-dp20-1279
ND-BUO09,DR-drr18-340
ND-BUO09,DR-drr19-1279
ND-BUO09,DR-dp20-1279
NR-BTO04,DR-drr18-318
NR-BTO04,DR-drr18-319
NR-BTO04,DR-drr19-967
NR-BTO04,DR-drr19-968
NR-BTO04,DR-dp20-967
NR-BTO04,DR-dp20-968
NR-BTO01,DR-drr18-318
NR-BTO01,DR-drr18-320
NR-BTO01,DR-drr19-967
NR-BTO01,DR-drr19-969
NR-BTO01,DR-dp20-967
NR-BTO01,DR-dp20-969
NR-BTO03,DR-drr18-318
NR-BTO03,DR-drr18-319
NR-BTO03,DR-drr19-967
NR-BTO03,DR-drr19-968
NR-BTO03,DR-dp20-967
NR-BTO03,DR-dp20-968
NR-BTO02,DR-drr18-318
NR-BTO02,DR-drr18-320
NR-BTO02,DR-drr19-967
NR-BTO02,DR-drr19-969
NR-BTO02,DR-dp20-967
NR-BTO02,DR-dp20-969
TBC-BXC02,DR-drr18-165
TBC-BXC02,DR-drr19-1266
TBC-BXC02,DR-dp20-1430
TBC-BXC07,DR-dp20-1430
TBC-BXC07,DR-dp20-1268
TBC-BXC04,DR-drr18-165
TBC-BXC04,DR-drr19-1266
TBC-BXC04,DR-dp20-1430
TBC-BXC03,DR-drr18-165
TBC-BXC03,DR-drr18-164
TBC-BXC03,DR-drr19-1266
TBC-BXC03,DR-drr19-1268
TBC-BXC03,DR-dp20-1430
TBC-BXC03,DR-dp20-1268
H-BVG07,DR-drr18-415
H-BVG07,DR-drr19-1215
H-BVG07,DR-dp20-1215
H-BVG16,DR-drr18-415
H-BVG16,DR-drr18-414
H-BVG16,DR-drr19-1215
H-BVG16,DR-drr19-1216
H-BVG16,DR-dp20-1215
H-BVG16,DR-dp20-1216
H-BVG12,DR-drr18-415
H-BVG12,DR-drr18-414
H-BVG12,DR-drr19-1215
H-BVG12,DR-drr19-1216
H-BVG12,DR-dp20-1215
H-BVG12,DR-dp20-1216
H-BVG03,DR-drr18-415
H-BVG03,DR-drr19-1215
H-BVG03,DR-dp20-1215
H-BVG08,DR-drr18-415
H-BVG08,DR-drr19-1215
H-BVG08,DR-dp20-1215
H-BVG02,DR-drr18-415
H-BVG02,DR-drr19-1215
H-BVG02,DR-dp20-1215
H-BVG04,DR-drr18-415
H-BVG04,DR-drr19-1215
H-BVG04,DR-dp20-1215
TC-BTW18,DR-drr18-437
TC-BTW18,DR-drr18-436
TC-BTW18,DR-drr19-1192
TC-BTW18,DR-drr19-1190
TC-BTW18,DR-dp20-1192
TC-BTW18,DR-dp20-1190
TC-BTW05,DR-drr18-437
TC-BTW05,DR-drr18-436
TC-BTW05,DR-drr19-1192
TC-BTW05,DR-drr19-1190
TC-BTW05,DR-dp20-1192
TC-BTW05,DR-dp20-1190
TC-BTW04,DR-drr18-437
TC-BTW04,DR-drr18-436
TC-BTW04,DR-drr19-1192
TC-BTW04,DR-drr19-1190
TC-BTW04,DR-dp20-1192
TC-BTW04,DR-dp20-1190
TC-BTW19,DR-drr18-437
TC-BTW19,DR-drr18-436
TC-BTW19,DR-drr19-1192
TC-BTW19,DR-drr19-1190
TC-BTW19,DR-dp20-1192
TC-BTW19,DR-dp20-1190
TC-BTW10,DR-drr18-437
TC-BTW10,DR-drr18-436
TC-BTW10,DR-drr19-1192
TC-BTW10,DR-drr19-1190
TC-BTW10,DR-dp20-1192
TC-BTW10,DR-dp20-1190
TC-BTW11,DR-drr18-437
TC-BTW11,DR-drr18-436
TC-BTW11,DR-drr19-1192
TC-BTW11,DR-drr19-1190
TC-BTW11,DR-dp20-1192
TC-BTW11,DR-dp20-1190
TC-BTW12,DR-drr18-437
TC-BTW12,DR-drr19-1192
TC-BTW12,DR-dp20-1192
SHARE-BWD05,DR-drr18-358
SHARE-BWD05,DR-drr19-1233
SHARE-BWD04,DR-drr18-358
SHARE-BWD04,DR-drr19-1233
SHARE-BWD06,DR-drr18-358
SHARE-BWD06,DR-drr19-1233
SHARE-BWD10,DR-dp20-1233
SHARE-BWD08,DR-drr18-358
SHARE-BWD08,DR-drr19-1233
SHARE-BWD02,DR-drr18-358
SHARE-BWD02,DR-drr19-1233
SHARE-BWD03,DR-drr18-358
SHARE-BWD03,DR-drr19-1233
SHARE-BWD07,DR-drr18-358
SHARE-BWD07,DR-drr19-1233
SHARE-BWD01,DR-drr18-358
SHARE-BWD01,DR-drr19-1233
CBSA-BUF04,DR-drr18-49
CBSA-BUF04,DR-drr18-50
CBSA-BUF04,DR-drr19-1302
CBSA-BUF04,DR-drr19-1303
CBSA-BUF04,DR-dp20-1302
CBSA-BUF04,DR-dp20-1303
CBSA-BUF12,DR-drr18-49
CBSA-BUF12,DR-drr18-51
CBSA-BUF12,DR-drr19-1302
CBSA-BUF12,DR-drr19-1304
CBSA-BUF12,DR-dp20-1302
CBSA-BUF12,DR-dp20-1304
CEO-BGG04,DR-drr18-135
CEO-BGG04,DR-drr18-136
CEO-BGG04,DR-drr19-1047
CEO-BGG04,DR-drr19-1046
CEO-BGG04,DR-dp20-1434
CEO-BGG04,DR-dp20-1375
CEO-BGG01,DR-drr18-135
CEO-BGG01,DR-drr18-136
CEO-BGG01,DR-drr19-1047
CEO-BGG01,DR-drr19-1046
CEO-BGG01,DR-dp20-1434
CEO-BGG01,DR-dp20-1375
CEO-BGG02,DR-drr18-135
CEO-BGG02,DR-drr18-136
CEO-BGG02,DR-drr19-1047
CEO-BGG02,DR-drr19-1046
CEO-BGG02,DR-dp20-1434
CEO-BGG02,DR-dp20-1375
CEO-BGG03,DR-drr18-135
CEO-BGG03,DR-drr18-136
CEO-BGG03,DR-drr19-1047
CEO-BGG03,DR-drr19-1046
CEO-BGG03,DR-dp20-1434
CEO-BGG03,DR-dp20-1375
NR-BTL03,DR-drr18-313
NR-BTL03,DR-drr18-312
NR-BTL03,DR-drr18-314
NR-BTL03,DR-drr19-962
NR-BTL03,DR-drr19-961
NR-BTL03,DR-drr19-963
NR-BTL03,DR-dp20-962
NR-BTL03,DR-dp20-961
NR-BTL03,DR-dp20-963
NR-BTL11,DR-drr18-313
NR-BTL11,DR-drr19-962
NR-BTL11,DR-dp20-962
NR-BTL07,DR-drr18-313
NR-BTL07,DR-drr18-312
NR-BTL07,DR-drr19-962
NR-BTL07,DR-drr19-961
NR-BTL07,DR-dp20-962
NR-BTL07,DR-dp20-961
NR-BTL10,DR-drr18-313
NR-BTL10,DR-drr19-962
NR-BTL10,DR-dp20-962
NR-BTL12,DR-drr18-313
NR-BTL12,DR-drr18-314
NR-BTL12,DR-drr19-962
NR-BTL12,DR-drr19-963
NR-BTL12,DR-dp20-962
NR-BTL12,DR-dp20-963
VAC-BWI16,DR-drr19-1149
VAC-BWI16,DR-drr19-1148
VAC-BWI16,DR-drr19-1145
VAC-BWI16,DR-dp20-1149
VAC-BWI16,DR-dp20-1148
VAC-BWI16,DR-dp20-1145
VAC-BWI13,DR-drr18-275
VAC-BWI13,DR-drr18-276
VAC-BWI13,DR-drr19-1149
VAC-BWI13,DR-drr19-1145
VAC-BWI13,DR-dp20-1149
VAC-BWI13,DR-dp20-1145
VAC-BWI06,DR-drr18-275
VAC-BWI06,DR-drr18-272
VAC-BWI06,DR-drr18-276
VAC-BWI06,DR-drr18-273
VAC-BWI06,DR-drr19-1149
VAC-BWI06,DR-drr19-1148
VAC-BWI06,DR-drr19-1145
VAC-BWI06,DR-drr19-1147
VAC-BWI06,DR-dp20-1149
VAC-BWI06,DR-dp20-1148
VAC-BWI06,DR-dp20-1145
VAC-BWI06,DR-dp20-1147
VAC-BWI04,DR-drr18-275
VAC-BWI04,DR-drr18-276
VAC-BWI04,DR-drr18-273
VAC-BWI02,DR-drr18-275
VAC-BWI02,DR-drr18-272
VAC-BWI02,DR-drr18-276
VAC-BWI02,DR-drr18-273
VAC-BWI01,DR-drr18-275
VAC-BWI01,DR-drr18-272
VAC-BWI01,DR-drr18-276
VAC-BWI01,DR-drr18-273
VAC-BWI07,DR-drr18-275
VAC-BWI07,DR-drr18-272
VAC-BWI07,DR-drr18-276
VAC-BWI07,DR-drr18-274
VAC-BWI07,DR-drr19-1149
VAC-BWI07,DR-drr19-1148
VAC-BWI07,DR-drr19-1145
VAC-BWI07,DR-drr19-1146
VAC-BWI07,DR-dp20-1149
VAC-BWI07,DR-dp20-1148
VAC-BWI07,DR-dp20-1145
VAC-BWI07,DR-dp20-1146
HRSD-BGO03,DR-drr18-19
HRSD-BGO03,DR-drr18-20
HRSD-BGO03,DR-drr19-19
HRSD-BGO03,DR-drr19-20
HRSD-BGO03,DR-dp20-19
HRSD-BGO03,DR-dp20-20
HRSD-BGO18,DR-drr18-19
HRSD-BGO18,DR-drr18-23
HRSD-BGO18,DR-drr18-22
HRSD-BGO18,DR-drr19-19
HRSD-BGO18,DR-drr19-23
HRSD-BGO18,DR-drr19-22
HRSD-BGO18,DR-dp20-19
HRSD-BGO18,DR-dp20-23
HRSD-BGO18,DR-dp20-22
HRSD-BGO02,DR-drr18-19
HRSD-BGO02,DR-drr18-20
HRSD-BGO02,DR-drr19-19
HRSD-BGO02,DR-drr19-20
HRSD-BGO02,DR-dp20-19
HRSD-BGO02,DR-dp20-20
HRSD-BGO22,DR-drr19-19
HRSD-BGO22,DR-drr19-20
HRSD-BGO22,DR-dp20-19
HRSD-BGO22,DR-dp20-20
HRSD-BGO12,DR-drr18-19
HRSD-BGO12,DR-drr18-23
HRSD-BGO12,DR-drr19-19
HRSD-BGO12,DR-drr19-23
HRSD-BGO12,DR-dp20-19
HRSD-BGO12,DR-dp20-23
HRSD-BGO20,DR-drr18-19
HRSD-BGO20,DR-drr18-20
HRSD-BGO20,DR-drr18-23
HRSD-BGO20,DR-drr18-22
HRSD-BGO20,DR-drr19-19
HRSD-BGO20,DR-drr19-20
HRSD-BGO20,DR-drr19-23
HRSD-BGO20,DR-drr19-22
HRSD-BGO20,DR-dp20-19
HRSD-BGO20,DR-dp20-20
HRSD-BGO20,DR-dp20-23
HRSD-BGO20,DR-dp20-22
HRSD-BGO19,DR-drr18-19
HRSD-BGO19,DR-drr18-20
HRSD-BGO19,DR-drr18-23
HRSD-BGO19,DR-drr19-19
HRSD-BGO19,DR-drr19-20
HRSD-BGO19,DR-drr19-23
HRSD-BGO19,DR-dp20-19
HRSD-BGO19,DR-dp20-20
HRSD-BGO19,DR-dp20-23
HRSD-BGO11,DR-drr18-19
HRSD-BGO11,DR-drr18-23
HRSD-BGO11,DR-drr19-19
HRSD-BGO11,DR-drr19-23
HRSD-BGO11,DR-dp20-19
HRSD-BGO11,DR-dp20-23
HRSD-BGO09,DR-drr18-19
HRSD-BGO09,DR-drr18-23
HRSD-BGO09,DR-drr19-19
HRSD-BGO09,DR-drr19-23
HRSD-BGO09,DR-dp20-19
HRSD-BGO09,DR-dp20-23
HRSD-BGO06,DR-drr18-19
HRSD-BGO06,DR-drr18-20
HRSD-BGO06,DR-drr18-23
HRSD-BGO06,DR-drr18-22
HRSD-BGO06,DR-drr19-19
HRSD-BGO06,DR-drr19-20
HRSD-BGO06,DR-drr19-23
HRSD-BGO06,DR-drr19-22
HRSD-BGO06,DR-dp20-19
HRSD-BGO06,DR-dp20-20
HRSD-BGO06,DR-dp20-23
HRSD-BGO06,DR-dp20-22
HRSD-BGO13,DR-drr18-19
HRSD-BGO13,DR-drr18-20
HRSD-BGO13,DR-drr19-19
HRSD-BGO13,DR-drr19-20
HRSD-BGO13,DR-dp20-19
HRSD-BGO13,DR-dp20-20
HRSD-BGO17,DR-drr18-19
HRSD-BGO17,DR-drr18-23
HRSD-BGO17,DR-drr18-22
HRSD-BGO17,DR-drr19-19
HRSD-BGO17,DR-drr19-23
HRSD-BGO17,DR-drr19-22
HRSD-BGO17,DR-dp20-19
HRSD-BGO17,DR-dp20-23
HRSD-BGO17,DR-dp20-22
HRSD-BGO10,DR-drr18-19
HRSD-BGO10,DR-drr18-20
HRSD-BGO10,DR-drr18-23
HRSD-BGO10,DR-drr19-19
HRSD-BGO10,DR-drr19-20
HRSD-BGO10,DR-drr19-23
HRSD-BGO10,DR-dp20-19
HRSD-BGO10,DR-dp20-20
HRSD-BGO10,DR-dp20-23
HRSD-BGO08,DR-drr18-19
HRSD-BGO08,DR-drr18-20
HRSD-BGO08,DR-drr19-19
HRSD-BGO08,DR-drr19-20
HRSD-BGO08,DR-dp20-19
HRSD-BGO08,DR-dp20-20
HRSD-BGO21,DR-drr18-19
HRSD-BGO21,DR-drr18-20
HRSD-BGO21,DR-drr19-19
HRSD-BGO21,DR-drr19-20
HRSD-BGO21,DR-dp20-19
HRSD-BGO21,DR-dp20-20
PHAC-BVQ03,DR-drr18-267
PHAC-BVQ03,DR-drr19-1163
PHAC-BVQ03,DR-dp20-1163
PHAC-BVQ02,DR-drr18-267
PHAC-BVQ02,DR-drr19-1163
PHAC-BVQ02,DR-dp20-1163
TC-BTY01,DR-drr18-442
TC-BTY01,DR-drr18-441
TC-BTY01,DR-drr19-1197
TC-BTY01,DR-drr19-1196
TC-BTY01,DR-dp20-1383
TC-BTY01,DR-dp20-1196
GSC-BVY01,DR-drr18-187
GSC-BVY01,DR-drr19-1001
GSC-BVY01,DR-dp20-1001
INAC-BWR03,DR-drr18-311
INAC-BWR03,DR-drr19-958
EA-BVE01,DR-drr18-101
EA-BVE01,DR-drr18-100
EA-BVE01,DR-drr19-952
EA-BVE01,DR-drr19-951
EA-BVE01,DR-dp20-952
EA-BVE01,DR-dp20-951
EA-BVE02,DR-drr18-101
EA-BVE02,DR-drr19-952
EA-BVE02,DR-dp20-952
NSERC-BNR03,DR-drr18-384
NSERC-BNR03,DR-drr18-383
NSERC-BNR03,DR-drr19-1039
NSERC-BNR03,DR-drr19-1040
NSERC-BNR03,DR-dp20-1039
NSERC-BNR03,DR-dp20-1040
EA-BVF08,DR-drr18-103
EA-BVF08,DR-drr18-102
EA-BVF08,DR-drr19-954
EA-BVF08,DR-drr19-953
EA-BVF08,DR-dp20-954
EA-BVF08,DR-dp20-953
EA-BVF07,DR-drr18-103
EA-BVF07,DR-drr18-102
EA-BVF07,DR-drr19-954
EA-BVF07,DR-drr19-953
EA-BVF07,DR-dp20-954
EA-BVF07,DR-dp20-953
EA-BVF02,DR-drr18-103
EA-BVF02,DR-drr18-102
EA-BVF02,DR-drr19-954
EA-BVF02,DR-drr19-953
EA-BVF02,DR-dp20-954
EA-BVF02,DR-dp20-953
EA-BVF06,DR-drr18-103
EA-BVF06,DR-drr18-102
EA-BVF06,DR-drr19-954
EA-BVF06,DR-drr19-953
EA-BVF06,DR-dp20-954
EA-BVF06,DR-dp20-953
EA-BVF03,DR-drr18-103
EA-BVF03,DR-drr18-102
EA-BVF03,DR-drr19-954
EA-BVF03,DR-drr19-953
EA-BVF03,DR-dp20-954
EA-BVF03,DR-dp20-953
EA-BVF05,DR-drr18-103
EA-BVF05,DR-drr18-102
EA-BVF05,DR-drr19-954
EA-BVF05,DR-drr19-953
EA-BVF05,DR-dp20-954
EA-BVF05,DR-dp20-953
EA-BVF04,DR-drr18-103
EA-BVF04,DR-drr18-102
EA-BVF04,DR-drr19-954
EA-BVF04,DR-drr19-953
EA-BVF04,DR-dp20-954
EA-BVF04,DR-dp20-953
EA-BVF01,DR-drr18-103
EA-BVF01,DR-drr18-102
EA-BVF01,DR-drr19-954
EA-BVF01,DR-drr19-953
EA-BVF01,DR-dp20-954
EA-BVF01,DR-dp20-953
HRSD-BGO05,DR-drr18-20
HRSD-BGO05,DR-drr18-23
HRSD-BGO05,DR-drr19-20
HRSD-BGO05,DR-drr19-23
HRSD-BGO05,DR-dp20-20
HRSD-BGO05,DR-dp20-23
HRSD-BGO14,DR-drr18-20
HRSD-BGO14,DR-drr18-23
HRSD-BGO14,DR-drr19-20
HRSD-BGO14,DR-drr19-23
HRSD-BGO14,DR-dp20-20
HRSD-BGO14,DR-dp20-23
HRSD-BGO15,DR-drr18-20
HRSD-BGO15,DR-drr19-20
HRSD-BGO15,DR-dp20-20
HRSD-BGO04,DR-drr18-20
HRSD-BGO04,DR-drr18-23
HRSD-BGO04,DR-drr19-20
HRSD-BGO04,DR-drr19-23
HRSD-BGO04,DR-dp20-20
HRSD-BGO04,DR-dp20-23
LAC-BSI01,DR-drr18-78
LAC-BSI01,DR-drr18-79
LAC-BSI01,DR-drr19-1074
LAC-BSI01,DR-drr19-1073
LAC-BSI01,DR-dp20-1074
LAC-BSI01,DR-dp20-1073
LAC-BSI03,DR-drr18-78
LAC-BSI03,DR-drr18-79
LAC-BSI03,DR-drr19-1074
LAC-BSI03,DR-drr19-1073
LAC-BSI03,DR-dp20-1074
LAC-BSI03,DR-dp20-1073
LAC-BSI02,DR-drr18-78
LAC-BSI02,DR-drr18-79
LAC-BSI02,DR-drr19-1074
LAC-BSI02,DR-drr19-1073
LAC-BSI02,DR-dp20-1074
LAC-BSI02,DR-dp20-1073
PCO-BWW06,DR-drr18-322
PCO-BWW06,DR-drr18-321
PCO-BWW06,DR-drr19-1013
PCO-BWW06,DR-drr19-1012
PCO-BWW06,DR-dp20-1013
PCO-BWW06,DR-dp20-1012
PCO-BWW08,DR-drr18-322
PCO-BWW08,DR-drr18-321
PCO-BWW08,DR-drr19-1013
PCO-BWW08,DR-drr19-1012
PCO-BWW08,DR-dp20-1013
PCO-BWW08,DR-dp20-1012
PCO-BWW02,DR-drr18-322
PCO-BWW02,DR-drr18-321
PCO-BWW02,DR-drr19-1013
PCO-BWW02,DR-drr19-1012
PCO-BWW02,DR-dp20-1013
PCO-BWW02,DR-dp20-1012
PCO-BWW07,DR-drr18-322
PCO-BWW07,DR-drr18-321
PCO-BWW07,DR-drr19-1013
PCO-BWW07,DR-drr19-1012
PCO-BWW07,DR-dp20-1013
PCO-BWW07,DR-dp20-1012
PCO-BWW09,DR-drr18-322
PCO-BWW09,DR-drr18-321
PCO-BWW09,DR-drr19-1013
PCO-BWW09,DR-drr19-1012
PCO-BWW09,DR-dp20-1013
PCO-BWW09,DR-dp20-1012
AGR-BWO03,DR-drr18-369
AGR-BWO03,DR-drr19-915
AGR-BWO03,DR-dp20-915
AGR-BWO05,DR-drr18-369
AGR-BWO05,DR-drr19-915
AGR-BWO05,DR-dp20-915
FTRAC-BUX02,DR-dp20-1390
NR-BTL06,DR-drr18-312
NR-BTL06,DR-drr19-961
NR-BTL06,DR-dp20-961
NR-BTL05,DR-drr18-312
NR-BTL05,DR-drr19-961
NR-BTL05,DR-dp20-961
NR-BTL04,DR-drr18-312
NR-BTL04,DR-drr19-961
NR-BTL04,DR-dp20-961
NR-BTL01,DR-drr18-312
NR-BTL01,DR-drr19-961
NR-BTL01,DR-dp20-961
NR-BTL02,DR-drr18-312
NR-BTL02,DR-drr19-961
NR-BTL02,DR-dp20-961
NR-BTL13,DR-drr18-312
NR-BTL13,DR-drr19-961
NR-BTL13,DR-dp20-961
IPC-BRG01,DR-drr18-43
IPC-BRG01,DR-drr18-44
IPC-BRG01,DR-drr19-1158
IPC-BRG01,DR-drr19-1157
IPC-BRG01,DR-dp20-1158
IPC-BRG01,DR-dp20-1157
EA-BVD12,DR-drr18-99
EA-BVD12,DR-drr18-95
EA-BVD12,DR-drr18-96
EA-BVD12,DR-drr18-98
EA-BVD12,DR-drr19-949
EA-BVD12,DR-drr19-950
EA-BVD12,DR-drr19-946
EA-BVD12,DR-drr19-948
EA-BVD12,DR-dp20-949
EA-BVD12,DR-dp20-950
EA-BVD12,DR-dp20-946
EA-BVD12,DR-dp20-948
EA-BVD14,DR-dp20-949
EA-BVD14,DR-dp20-946
EA-BVD14,DR-dp20-948
EA-BVD08,DR-drr18-99
EA-BVD08,DR-drr18-95
EA-BVD08,DR-drr18-96
EA-BVD08,DR-drr18-98
EA-BVD08,DR-drr19-949
EA-BVD08,DR-drr19-950
EA-BVD08,DR-drr19-946
EA-BVD08,DR-drr19-948
EA-BVD08,DR-dp20-949
EA-BVD08,DR-dp20-950
EA-BVD08,DR-dp20-946
EA-BVD08,DR-dp20-948
EA-BVD03,DR-drr18-99
EA-BVD03,DR-drr18-95
EA-BVD03,DR-drr18-96
EA-BVD03,DR-drr19-949
EA-BVD03,DR-drr19-950
EA-BVD03,DR-drr19-946
EA-BVD03,DR-dp20-949
EA-BVD03,DR-dp20-950
EA-BVD03,DR-dp20-946
EA-BVD09,DR-drr18-99
EA-BVD09,DR-drr18-95
EA-BVD09,DR-drr18-96
EA-BVD09,DR-drr18-98
EA-BVD09,DR-drr19-949
EA-BVD09,DR-drr19-950
EA-BVD09,DR-drr19-946
EA-BVD09,DR-drr19-948
EA-BVD09,DR-dp20-949
EA-BVD09,DR-dp20-950
EA-BVD09,DR-dp20-946
EA-BVD09,DR-dp20-948
EA-BVD10,DR-drr18-99
EA-BVD10,DR-drr18-95
EA-BVD10,DR-drr18-96
EA-BVD10,DR-drr18-98
EA-BVD10,DR-drr19-949
EA-BVD10,DR-drr19-950
EA-BVD10,DR-drr19-946
EA-BVD10,DR-drr19-948
EA-BVD10,DR-dp20-949
EA-BVD10,DR-dp20-950
EA-BVD10,DR-dp20-946
EA-BVD10,DR-dp20-948
EA-BVD11,DR-drr18-99
EA-BVD11,DR-drr18-95
EA-BVD11,DR-drr18-96
EA-BVD11,DR-drr18-98
EA-BVD11,DR-drr19-949
EA-BVD11,DR-drr19-950
EA-BVD11,DR-drr19-946
EA-BVD11,DR-drr19-948
EA-BVD11,DR-dp20-949
EA-BVD11,DR-dp20-950
EA-BVD11,DR-dp20-946
EA-BVD11,DR-dp20-948
EA-BVD13,DR-drr18-99
EA-BVD13,DR-drr19-949
EA-BVD13,DR-dp20-949
CHRC-BSA01,DR-drr18-171
CHRC-BSA01,DR-drr18-169
CHRC-BSA01,DR-drr18-170
CHRC-BSA01,DR-drr19-1120
CHRC-BSA01,DR-drr19-1118
CHRC-BSA01,DR-drr19-1119
JUS-BNY09,DR-drr18-205
JUS-BNY09,DR-drr19-1110
JUS-BNY09,DR-dp20-1110
JUS-BNY10,DR-drr18-205
JUS-BNY10,DR-drr19-1110
JUS-BNY10,DR-dp20-1110
JUS-BNY02,DR-drr18-205
JUS-BNY02,DR-drr19-1110
JUS-BNY02,DR-dp20-1110
JUS-BNY05,DR-drr18-205
JUS-BNY05,DR-drr19-1110
JUS-BNY05,DR-dp20-1110
JUS-BNY07,DR-drr18-205
JUS-BNY07,DR-drr19-1110
JUS-BNY07,DR-dp20-1110
JUS-BNY03,DR-drr18-205
JUS-BNY03,DR-drr19-1110
JUS-BNY03,DR-dp20-1110
HRSD-BGQ02,DR-drr18-28
HRSD-BGQ02,DR-drr19-28
HRSD-BGQ02,DR-dp20-28
HRSD-BGQ01,DR-drr18-28
HRSD-BGQ01,DR-drr19-28
HRSD-BGQ01,DR-dp20-28
HRSD-BGQ03,DR-drr18-28
HRSD-BGQ03,DR-drr19-28
HRSD-BGQ03,DR-dp20-28
HRSD-BGQ05,DR-drr18-28
HRSD-BGQ05,DR-drr19-28
HRSD-BGQ05,DR-dp20-28
ISC-BNP02,DR-drr18-134
ISC-BNP02,DR-drr18-132
ISC-BNP02,DR-drr19-979
ISC-BNP02,DR-drr19-977
ISC-BNP02,DR-dp20-979
ISC-BNP02,DR-dp20-977
ISC-BNP01,DR-drr18-134
ISC-BNP01,DR-drr18-133
ISC-BNP01,DR-drr18-132
ISC-BNP01,DR-drr18-131
ISC-BNP01,DR-drr19-979
ISC-BNP01,DR-drr19-978
ISC-BNP01,DR-drr19-977
ISC-BNP01,DR-drr19-976
ISC-BNP01,DR-dp20-979
ISC-BNP01,DR-dp20-978
ISC-BNP01,DR-dp20-977
ISC-BNP01,DR-dp20-976
ISC-BNP13,DR-drr18-134
ISC-BNP13,DR-drr18-133
ISC-BNP13,DR-drr19-979
ISC-BNP13,DR-drr19-978
ISC-BNP13,DR-dp20-979
ISC-BNP13,DR-dp20-978
ISC-BNP11,DR-drr18-134
ISC-BNP11,DR-drr18-133
ISC-BNP11,DR-drr18-132
ISC-BNP11,DR-drr19-979
ISC-BNP11,DR-drr19-978
ISC-BNP11,DR-drr19-977
ISC-BNP11,DR-dp20-979
ISC-BNP11,DR-dp20-978
ISC-BNP11,DR-dp20-977
ISC-BNP05,DR-drr18-134
ISC-BNP05,DR-drr19-979
ISC-BNP05,DR-dp20-979
VAC-BWJ02,DR-drr18-277
VAC-BWJ02,DR-drr18-278
VAC-BWJ02,DR-drr19-1151
VAC-BWJ02,DR-drr19-1150
VAC-BWJ02,DR-dp20-1151
VAC-BWJ02,DR-dp20-1150
VAC-BWJ01,DR-drr18-277
VAC-BWJ01,DR-drr18-278
VAC-BWJ01,DR-drr19-1151
VAC-BWJ01,DR-drr19-1150
VAC-BWJ01,DR-dp20-1151
VAC-BWJ01,DR-dp20-1150
ND-BUS11,DR-drr18-355
ND-BUS11,DR-drr18-353
ND-BUS11,DR-drr19-1292
ND-BUS11,DR-drr19-1293
ND-BUS11,DR-dp20-1292
ND-BUS11,DR-dp20-1293
ND-BUS06,DR-drr18-355
ND-BUS06,DR-drr19-1292
ND-BUS06,DR-dp20-1292
ND-BUS08,DR-drr18-355
ND-BUS08,DR-drr18-353
ND-BUS08,DR-drr19-1292
ND-BUS08,DR-drr19-1293
ND-BUS08,DR-dp20-1292
ND-BUS08,DR-dp20-1293
ND-BUS04,DR-drr18-355
ND-BUS04,DR-drr18-354
ND-BUS04,DR-drr19-1292
ND-BUS04,DR-drr19-1294
ND-BUS04,DR-dp20-1292
ND-BUS04,DR-dp20-1294
ND-BUS02,DR-drr18-355
ND-BUS02,DR-drr18-354
ND-BUS02,DR-drr19-1292
ND-BUS02,DR-drr19-1294
ND-BUS02,DR-dp20-1292
ND-BUS02,DR-dp20-1294
ND-BUS03,DR-drr18-355
ND-BUS03,DR-drr18-353
ND-BUS03,DR-drr18-354
ND-BUS03,DR-drr19-1292
ND-BUS03,DR-drr19-1293
ND-BUS03,DR-drr19-1294
ND-BUS03,DR-dp20-1292
ND-BUS03,DR-dp20-1293
ND-BUS03,DR-dp20-1294
ND-BUS09,DR-drr18-355
ND-BUS09,DR-drr18-353
ND-BUS09,DR-drr19-1292
ND-BUS09,DR-drr19-1293
ND-BUS09,DR-dp20-1292
ND-BUS09,DR-dp20-1293
ND-BUS10,DR-drr18-355
ND-BUS10,DR-drr18-353
ND-BUS10,DR-drr19-1292
ND-BUS10,DR-drr19-1293
ND-BUS10,DR-dp20-1292
ND-BUS10,DR-dp20-1293
ND-BUS01,DR-drr18-355
ND-BUS01,DR-drr18-354
ND-BUS01,DR-drr19-1292
ND-BUS01,DR-drr19-1294
ND-BUS01,DR-dp20-1292
ND-BUS01,DR-dp20-1294
ND-BUS13,DR-drr18-355
ND-BUS13,DR-drr18-353
ND-BUS13,DR-drr19-1292
ND-BUS13,DR-drr19-1293
ND-BUS13,DR-dp20-1292
ND-BUS13,DR-dp20-1293
H-BVH15,DR-drr18-417
H-BVH15,DR-drr18-418
H-BVH15,DR-drr19-1218
H-BVH15,DR-drr19-1217
H-BVH15,DR-dp20-1218
H-BVH15,DR-dp20-1217
H-BVH09,DR-drr18-417
H-BVH09,DR-drr18-418
H-BVH09,DR-drr19-1218
H-BVH09,DR-drr19-1217
H-BVH09,DR-dp20-1218
H-BVH09,DR-dp20-1217
H-BVH16,DR-drr18-417
H-BVH16,DR-drr19-1218
H-BVH16,DR-dp20-1218
H-BVH07,DR-drr18-417
H-BVH07,DR-drr18-418
H-BVH07,DR-drr19-1218
H-BVH07,DR-drr19-1217
H-BVH07,DR-dp20-1218
H-BVH07,DR-dp20-1217
H-BVH06,DR-drr18-417
H-BVH06,DR-drr18-418
H-BVH06,DR-drr19-1218
H-BVH06,DR-drr19-1217
H-BVH06,DR-dp20-1218
H-BVH06,DR-dp20-1217
H-BVH11,DR-drr18-417
H-BVH11,DR-drr19-1218
H-BVH11,DR-dp20-1218
H-BVH08,DR-drr18-417
H-BVH08,DR-drr19-1218
H-BVH08,DR-dp20-1218
H-BVH10,DR-drr18-417
H-BVH10,DR-drr18-418
H-BVH10,DR-drr19-1218
H-BVH10,DR-drr19-1217
H-BVH10,DR-dp20-1218
H-BVH10,DR-dp20-1217
EC-BGT06,DR-drr18-123
EC-BGT06,DR-drr18-122
EC-BGT06,DR-drr18-121
EC-BGT06,DR-drr19-989
EC-BGT06,DR-drr19-988
EC-BGT06,DR-drr19-987
EC-BGT06,DR-dp20-989
EC-BGT06,DR-dp20-988
EC-BGT06,DR-dp20-987
EC-BGT03,DR-drr18-123
EC-BGT03,DR-drr18-121
EC-BGT03,DR-drr19-989
EC-BGT03,DR-drr19-987
EC-BGT03,DR-dp20-989
EC-BGT03,DR-dp20-987
EC-BGT01,DR-drr18-123
EC-BGT01,DR-drr18-122
EC-BGT01,DR-drr19-989
EC-BGT01,DR-drr19-988
EC-BGT01,DR-dp20-989
EC-BGT01,DR-dp20-988
EC-BGT02,DR-drr18-123
EC-BGT02,DR-drr18-122
EC-BGT02,DR-drr18-121
EC-BGT02,DR-drr19-989
EC-BGT02,DR-drr19-988
EC-BGT02,DR-drr19-987
EC-BGT02,DR-dp20-989
EC-BGT02,DR-dp20-988
EC-BGT02,DR-dp20-987
EC-BGT04,DR-drr18-123
EC-BGT04,DR-drr18-122
EC-BGT04,DR-drr18-121
EC-BGT04,DR-drr19-989
EC-BGT04,DR-drr19-988
EC-BGT04,DR-drr19-987
EC-BGT04,DR-dp20-989
EC-BGT04,DR-dp20-988
EC-BGT04,DR-dp20-987
VAC-BWI10,DR-drr18-272
VAC-BWI10,DR-drr18-276
VAC-BWI10,DR-drr18-273
VAC-BWI10,DR-drr19-1148
VAC-BWI10,DR-drr19-1145
VAC-BWI10,DR-drr19-1147
VAC-BWI10,DR-dp20-1148
VAC-BWI10,DR-dp20-1145
VAC-BWI10,DR-dp20-1147
VAC-BWI12,DR-drr18-272
VAC-BWI12,DR-drr18-276
VAC-BWI12,DR-drr18-273
VAC-BWI12,DR-drr19-1148
VAC-BWI12,DR-drr19-1145
VAC-BWI12,DR-drr19-1147
VAC-BWI12,DR-dp20-1148
VAC-BWI12,DR-dp20-1145
VAC-BWI12,DR-dp20-1147
VAC-BWI11,DR-drr18-272
VAC-BWI11,DR-drr18-276
VAC-BWI11,DR-drr18-273
VAC-BWI11,DR-drr19-1148
VAC-BWI11,DR-drr19-1145
VAC-BWI11,DR-drr19-1147
VAC-BWI11,DR-dp20-1148
VAC-BWI11,DR-dp20-1145
VAC-BWI11,DR-dp20-1147
VAC-BWI08,DR-drr18-272
VAC-BWI08,DR-drr18-276
VAC-BWI08,DR-drr18-273
VAC-BWI08,DR-drr19-1148
VAC-BWI08,DR-drr19-1145
VAC-BWI08,DR-drr19-1147
VAC-BWI08,DR-dp20-1148
VAC-BWI08,DR-dp20-1145
VAC-BWI08,DR-dp20-1147
VAC-BWI09,DR-drr18-272
VAC-BWI09,DR-drr18-276
VAC-BWI09,DR-drr18-273
VAC-BWI09,DR-drr18-274
VAC-BWI09,DR-drr19-1148
VAC-BWI09,DR-drr19-1145
VAC-BWI09,DR-drr19-1147
VAC-BWI09,DR-drr19-1146
VAC-BWI09,DR-dp20-1148
VAC-BWI09,DR-dp20-1145
VAC-BWI09,DR-dp20-1147
VAC-BWI09,DR-dp20-1146
VAC-BWI15,DR-drr18-272
VAC-BWI15,DR-drr19-1148
VAC-BWI14,DR-drr18-272
VAC-BWI14,DR-drr19-1148
VAC-BWI05,DR-drr18-272
VAC-BWI05,DR-drr18-276
VAC-BWI05,DR-drr18-273
SC-BNV04,DR-drr18-256
SC-BNV04,DR-drr18-255
SC-BNV04,DR-drr18-254
SC-BNV04,DR-drr19-1298
SC-BNV04,DR-drr19-1299
SC-BNV04,DR-drr19-1300
SC-BNV04,DR-dp20-1298
SC-BNV04,DR-dp20-1299
SC-BNV04,DR-dp20-1300
SC-BNV03,DR-drr18-256
SC-BNV03,DR-drr18-255
SC-BNV03,DR-drr18-254
SC-BNV03,DR-drr19-1298
SC-BNV03,DR-drr19-1299
SC-BNV03,DR-drr19-1300
SC-BNV03,DR-dp20-1298
SC-BNV03,DR-dp20-1299
SC-BNV03,DR-dp20-1300
SC-BNV01,DR-drr18-256
SC-BNV01,DR-drr18-255
SC-BNV01,DR-drr18-254
SC-BNV01,DR-drr19-1298
SC-BNV01,DR-drr19-1299
SC-BNV01,DR-drr19-1300
SC-BNV01,DR-dp20-1298
SC-BNV01,DR-dp20-1299
SC-BNV01,DR-dp20-1300
SC-BNV02,DR-drr18-256
SC-BNV02,DR-drr18-255
SC-BNV02,DR-drr18-254
SC-BNV02,DR-drr19-1298
SC-BNV02,DR-drr19-1299
SC-BNV02,DR-drr19-1300
SC-BNV02,DR-dp20-1298
SC-BNV02,DR-dp20-1299
SC-BNV02,DR-dp20-1300
SHARE-BWF06,DR-drr18-361
SHARE-BWF03,DR-drr18-361
SHARE-BWF03,DR-drr19-1236
SHARE-BWF01,DR-drr18-361
SHARE-BWF07,DR-dp20-1236
SHARE-BWF05,DR-drr18-361
SHARE-BWF05,DR-drr19-1236
SHARE-BWF02,DR-drr18-361
SHARE-BWF02,DR-drr19-1236
HRSD-BGO01,DR-drr18-23
HRSD-BGO01,DR-drr18-21
HRSD-BGO01,DR-drr19-23
HRSD-BGO01,DR-drr19-21
HRSD-BGO01,DR-dp20-23
HRSD-BGO01,DR-dp20-21
HRSD-BGO16,DR-drr18-23
HRSD-BGO16,DR-drr19-23
HRSD-BGO16,DR-dp20-23
CAS-BEG04,DR-drr18-195
CAS-BEG04,DR-drr19-1026
CAS-BEG04,DR-dp20-1026
NR-BTO05,DR-drr18-319
NR-BTO05,DR-drr19-968
NR-BTO05,DR-dp20-968
NR-BTO06,DR-drr18-319
NR-BTO06,DR-drr19-968
NR-BTO06,DR-dp20-968
NR-BTO07,DR-drr18-319
NR-BTO07,DR-drr18-320
NR-BTO07,DR-drr19-968
NR-BTO07,DR-drr19-969
NR-BTO07,DR-dp20-968
NR-BTO07,DR-dp20-969
H-BVG06,DR-drr18-414
H-BVG06,DR-drr19-1216
H-BVG06,DR-dp20-1216
H-BVG01,DR-drr18-414
H-BVG01,DR-drr19-1216
H-BVG01,DR-dp20-1216
JUS-BNX02,DR-drr18-202
JUS-BNX02,DR-drr19-1107
JUS-BNX02,DR-dp20-1107
JUS-BNX03,DR-drr18-202
JUS-BNX03,DR-drr19-1107
JUS-BNX03,DR-dp20-1107
JUS-BNX01,DR-drr18-202
JUS-BNX01,DR-drr19-1107
JUS-BNX01,DR-dp20-1107
ND-BUP07,DR-drr18-344
ND-BUP07,DR-drr19-1285
ND-BUP07,DR-dp20-1285
ND-BUP05,DR-drr18-344
ND-BUP05,DR-drr18-343
ND-BUP05,DR-drr19-1285
ND-BUP05,DR-drr19-1284
ND-BUP05,DR-dp20-1285
ND-BUP05,DR-dp20-1284
ND-BUP04,DR-drr18-344
ND-BUP04,DR-drr18-343
ND-BUP04,DR-drr19-1285
ND-BUP04,DR-drr19-1284
ND-BUP04,DR-dp20-1285
ND-BUP04,DR-dp20-1284
ND-BUP08,DR-drr18-344
ND-BUP08,DR-drr19-1285
ND-BUP08,DR-dp20-1285
ND-BUP09,DR-drr18-344
ND-BUP09,DR-drr19-1285
ND-BUP09,DR-dp20-1285
ND-BUP01,DR-drr18-344
ND-BUP01,DR-drr18-342
ND-BUP01,DR-drr19-1285
ND-BUP01,DR-drr19-1281
ND-BUP01,DR-dp20-1285
ND-BUP01,DR-dp20-1281
ISC-BNP09,DR-drr18-133
ISC-BNP09,DR-drr18-132
ISC-BNP09,DR-drr19-978
ISC-BNP09,DR-drr19-977
ISC-BNP09,DR-dp20-978
ISC-BNP09,DR-dp20-977
ISC-BNP16,DR-drr18-133
ISC-BNP16,DR-drr19-978
ISC-BNP16,DR-dp20-978
ISC-BNP06,DR-drr18-133
ISC-BNP06,DR-drr18-132
ISC-BNP06,DR-drr19-978
ISC-BNP06,DR-drr19-977
ISC-BNP06,DR-dp20-978
ISC-BNP06,DR-dp20-977
ISC-BNP08,DR-drr18-133
ISC-BNP08,DR-drr18-132
ISC-BNP08,DR-drr19-978
ISC-BNP08,DR-drr19-977
ISC-BNP08,DR-dp20-978
ISC-BNP08,DR-dp20-977
ISC-BNP10,DR-drr18-133
ISC-BNP10,DR-drr19-978
ISC-BNP10,DR-dp20-978
ISC-BNP14,DR-drr18-133
ISC-BNP14,DR-drr19-978
ISC-BNP14,DR-dp20-978
ISC-BNP03,DR-drr18-133
ISC-BNP03,DR-drr18-132
ISC-BNP03,DR-drr19-978
ISC-BNP03,DR-drr19-977
ISC-BNP03,DR-dp20-978
ISC-BNP03,DR-dp20-977
ISC-BNP15,DR-drr18-133
ISC-BNP15,DR-drr19-978
ISC-BNP15,DR-dp20-978
ACOA-BED02,DR-drr18-260
ACOA-BED02,DR-drr18-261
ACOA-BED02,DR-drr18-259
ACOA-BED02,DR-drr19-1112
ACOA-BED02,DR-drr19-1111
ACOA-BED02,DR-drr19-1113
ACOA-BED02,DR-dp20-1112
ACOA-BED02,DR-dp20-1111
ACOA-BED02,DR-dp20-1113
ACOA-BED04,DR-drr18-260
ACOA-BED04,DR-drr18-261
ACOA-BED04,DR-drr18-259
ACOA-BED04,DR-drr19-1112
ACOA-BED04,DR-drr19-1111
ACOA-BED04,DR-drr19-1113
ACOA-BED04,DR-dp20-1112
ACOA-BED04,DR-dp20-1111
ACOA-BED04,DR-dp20-1113
ACOA-BED01,DR-drr18-260
ACOA-BED01,DR-drr18-261
ACOA-BED01,DR-drr18-259
ACOA-BED01,DR-drr19-1112
ACOA-BED01,DR-drr19-1111
ACOA-BED01,DR-drr19-1113
ACOA-BED01,DR-dp20-1112
ACOA-BED01,DR-dp20-1111
ACOA-BED01,DR-dp20-1113
ACOA-BED06,DR-drr18-260
ACOA-BED06,DR-drr18-261
ACOA-BED06,DR-drr18-259
ACOA-BED06,DR-drr19-1112
ACOA-BED06,DR-drr19-1111
ACOA-BED06,DR-drr19-1113
ACOA-BED06,DR-dp20-1112
ACOA-BED06,DR-dp20-1111
ACOA-BED06,DR-dp20-1113
ACOA-BED05,DR-drr18-260
ACOA-BED05,DR-drr18-261
ACOA-BED05,DR-drr18-259
ACOA-BED05,DR-drr19-1112
ACOA-BED05,DR-drr19-1111
ACOA-BED05,DR-drr19-1113
ACOA-BED05,DR-dp20-1112
ACOA-BED05,DR-dp20-1111
ACOA-BED05,DR-dp20-1113
ACOA-BED03,DR-drr18-260
ACOA-BED03,DR-drr18-261
ACOA-BED03,DR-drr18-259
ACOA-BED03,DR-drr19-1112
ACOA-BED03,DR-drr19-1111
ACOA-BED03,DR-drr19-1113
ACOA-BED03,DR-dp20-1112
ACOA-BED03,DR-dp20-1111
ACOA-BED03,DR-dp20-1113
ACOA-BED07,DR-drr18-260
ACOA-BED07,DR-drr18-261
ACOA-BED07,DR-drr18-259
ACOA-BED07,DR-drr19-1112
ACOA-BED07,DR-drr19-1111
ACOA-BED07,DR-drr19-1113
ACOA-BED07,DR-dp20-1112
ACOA-BED07,DR-dp20-1111
ACOA-BED07,DR-dp20-1113
FIN-BUV03,DR-drr18-104
FIN-BUV03,DR-drr18-105
FIN-BUV03,DR-drr19-932
FIN-BUV03,DR-drr19-933
FIN-BUV03,DR-dp20-932
FIN-BUV03,DR-dp20-933
FIN-BUV06,DR-drr18-104
FIN-BUV06,DR-drr18-105
FIN-BUV06,DR-drr18-110
FIN-BUV06,DR-drr19-932
FIN-BUV06,DR-drr19-933
FIN-BUV06,DR-drr19-938
FIN-BUV06,DR-dp20-932
FIN-BUV06,DR-dp20-933
FIN-BUV06,DR-dp20-938
FIN-BUV01,DR-drr18-104
FIN-BUV01,DR-drr18-105
FIN-BUV01,DR-drr18-106
FIN-BUV01,DR-drr19-932
FIN-BUV01,DR-drr19-933
FIN-BUV01,DR-drr19-934
FIN-BUV01,DR-dp20-932
FIN-BUV01,DR-dp20-933
FIN-BUV01,DR-dp20-934
FIN-BUV04,DR-drr18-104
FIN-BUV04,DR-drr18-105
FIN-BUV04,DR-drr19-932
FIN-BUV04,DR-drr19-933
FIN-BUV04,DR-dp20-932
FIN-BUV04,DR-dp20-933
FIN-BUV05,DR-drr18-104
FIN-BUV05,DR-drr18-105
FIN-BUV05,DR-drr18-107
FIN-BUV05,DR-drr19-932
FIN-BUV05,DR-drr19-933
FIN-BUV05,DR-drr19-935
FIN-BUV05,DR-dp20-932
FIN-BUV05,DR-dp20-933
FIN-BUV05,DR-dp20-935
FIN-BUV02,DR-drr18-104
FIN-BUV02,DR-drr18-105
FIN-BUV02,DR-drr19-932
FIN-BUV02,DR-drr19-933
FIN-BUV02,DR-dp20-932
FIN-BUV02,DR-dp20-933
EC-BGS01,DR-drr18-118
EC-BGS01,DR-drr19-984
EC-BGS01,DR-dp20-984
EC-BGS05,DR-drr18-118
EC-BGS05,DR-drr18-119
EC-BGS05,DR-drr18-120
EC-BGS05,DR-drr19-984
EC-BGS05,DR-drr19-985
EC-BGS05,DR-drr19-986
EC-BGS05,DR-dp20-984
EC-BGS05,DR-dp20-985
EC-BGS05,DR-dp20-986
EC-BGS03,DR-drr18-118
EC-BGS03,DR-drr18-119
EC-BGS03,DR-drr18-120
EC-BGS03,DR-drr19-984
EC-BGS03,DR-drr19-985
EC-BGS03,DR-drr19-986
EC-BGS03,DR-dp20-984
EC-BGS03,DR-dp20-985
EC-BGS03,DR-dp20-986
PMPRB-BVM02,DR-drr18-63
PMPRB-BVM02,DR-drr19-1169
PMPRB-BVM02,DR-dp20-1169
PMPRB-BVM01,DR-drr18-63
PMPRB-BVM01,DR-drr19-1169
PMPRB-BVM01,DR-dp20-1169
AGR-BWP02,DR-drr18-370
AGR-BWP02,DR-drr19-916
AGR-BWP02,DR-dp20-916
AGR-BWP05,DR-drr18-370
AGR-BWP05,DR-drr19-916
AGR-BWP05,DR-dp20-916
AGR-BWP07,DR-drr18-370
AGR-BWP07,DR-drr19-916
AGR-BWP07,DR-dp20-916
AGR-BWP01,DR-drr18-370
AGR-BWP01,DR-drr19-916
AGR-BWP01,DR-dp20-916
AGR-BWP04,DR-drr18-370
AGR-BWP04,DR-drr19-916
AGR-BWP04,DR-dp20-916
AGR-BWP03,DR-drr18-370
AGR-BWP03,DR-drr19-916
AGR-BWP03,DR-dp20-916
AGR-BWP06,DR-drr18-370
AGR-BWP06,DR-drr19-916
AGR-BWP06,DR-dp20-916
CNEDA-BNL01,DR-drr18-196
CNEDA-BNL01,DR-drr19-1297
CNEDA-BNL01,DR-dp20-1297
CNEDA-BNL03,DR-drr18-196
CNEDA-BNL03,DR-drr18-197
CNEDA-BNL03,DR-drr18-198
CNEDA-BNL03,DR-drr19-1297
CNEDA-BNL03,DR-drr19-1296
CNEDA-BNL03,DR-drr19-1295
CNEDA-BNL03,DR-dp20-1297
CNEDA-BNL03,DR-dp20-1296
CNEDA-BNL03,DR-dp20-1295
NRC-BNQ08,DR-drr18-142
NRC-BNQ08,DR-drr19-1213
NRC-BNQ08,DR-dp20-1213
INDSC-BWU14,DR-drr18-431
INDSC-BWU02,DR-drr18-431
INDSC-BWU02,DR-drr18-434
INDSC-BWU01,DR-drr18-431
INDSC-BWU01,DR-drr18-434
INDSC-BWU13,DR-drr18-431
INDSC-BWU05,DR-drr18-431
INDSC-BWU06,DR-drr18-431
INDSC-BWU04,DR-drr18-431
WDO-BNW04,DR-drr18-111
WDO-BNW04,DR-drr18-113
WDO-BNW04,DR-drr19-1314
WDO-BNW04,DR-drr19-1315
WDO-BNW04,DR-dp20-1314
WDO-BNW04,DR-dp20-1315
WDO-BNW03,DR-drr18-111
WDO-BNW03,DR-drr18-113
WDO-BNW03,DR-drr19-1314
WDO-BNW03,DR-drr19-1315
WDO-BNW03,DR-dp20-1314
WDO-BNW03,DR-dp20-1315
WDO-BNW02,DR-drr18-111
WDO-BNW02,DR-drr18-113
WDO-BNW02,DR-drr18-112
WDO-BNW02,DR-drr19-1314
WDO-BNW02,DR-drr19-1315
WDO-BNW02,DR-drr19-1313
WDO-BNW02,DR-dp20-1314
WDO-BNW02,DR-dp20-1315
WDO-BNW02,DR-dp20-1313
WDO-BNW01,DR-drr18-111
WDO-BNW01,DR-drr18-113
WDO-BNW01,DR-drr18-112
WDO-BNW01,DR-drr19-1314
WDO-BNW01,DR-drr19-1315
WDO-BNW01,DR-drr19-1313
WDO-BNW01,DR-dp20-1314
WDO-BNW01,DR-dp20-1315
WDO-BNW01,DR-dp20-1313
CHRC-BSB01,DR-drr18-172
CHRC-BSB01,DR-drr18-173
CHRC-BSB01,DR-drr19-1121
CHRC-BSB01,DR-drr19-1122
CHRC-BSB01,DR-dp20-1423
CHRC-BSB01,DR-dp20-1424
VAC-BWI03,DR-drr18-276
VAC-BWI03,DR-drr18-273
CH-BSG02,DR-drr18-239
CH-BSG02,DR-drr18-240
CH-BSG02,DR-drr19-1186
CH-BSG02,DR-drr19-1187
CH-BSG02,DR-dp20-1186
CH-BSG02,DR-dp20-1187
TC-BTX02,DR-drr18-439
TC-BTX02,DR-drr19-1194
TC-BTX02,DR-dp20-1194
AGR-BWN04,DR-drr18-366
AGR-BWN04,DR-drr19-912
AGR-BWN04,DR-dp20-912
AGR-BWN09,DR-dp20-912
AGR-BWN07,DR-drr18-366
AGR-BWN07,DR-drr19-912
AGR-BWN07,DR-dp20-912
AGR-BWN01,DR-drr18-366
AGR-BWN01,DR-drr18-367
AGR-BWN01,DR-drr19-912
AGR-BWN01,DR-drr19-913
AGR-BWN01,DR-dp20-912
AGR-BWN01,DR-dp20-913
AGR-BWN03,DR-drr18-366
AGR-BWN03,DR-drr19-912
AGR-BWN03,DR-dp20-912
AGR-BWN02,DR-drr18-366
AGR-BWN02,DR-drr19-912
AGR-BWN02,DR-dp20-912
SHARE-BWG02,DR-drr18-364
SHARE-BWG02,DR-drr18-365
SHARE-BWG02,DR-drr19-1239
SHARE-BWG02,DR-drr19-1238
TBC-BXC05,DR-drr19-1268
TBC-BXC05,DR-dp20-1268
CFIA-BUH11,DR-drr18-386
CFIA-BUH11,DR-drr19-1273
CFIA-BUH11,DR-dp20-1273
CFIA-BUH09,DR-drr18-386
CFIA-BUH09,DR-drr19-1273
CFIA-BUH09,DR-dp20-1273
CFIA-BUH10,DR-drr18-386
CFIA-BUH10,DR-drr19-1273
CFIA-BUH10,DR-dp20-1273
ND-BUS12,DR-drr18-353
ND-BUS12,DR-drr19-1293
ND-BUS12,DR-dp20-1293
FO-BTG06,DR-drr18-288
FO-BTG06,DR-drr19-925
FO-BTG06,DR-dp20-925
FO-BTG05,DR-drr18-288
FO-BTG05,DR-drr19-925
FO-BTG05,DR-dp20-925
HRSD-BGM04,DR-drr18-13
HRSD-BGM04,DR-drr18-15
HRSD-BGM04,DR-drr19-471
HRSD-BGM04,DR-drr19-15
HRSD-BGM04,DR-dp20-471
HRSD-BGM04,DR-dp20-15
HRSD-BGM09,DR-drr19-471
HRSD-BGM09,DR-drr19-12
HRSD-BGM09,DR-dp20-471
HRSD-BGM09,DR-dp20-12
CBSA-BUF05,DR-drr18-51
CBSA-BUF05,DR-drr18-52
CBSA-BUF05,DR-drr19-1304
CBSA-BUF05,DR-drr19-1305
CBSA-BUF05,DR-dp20-1304
CBSA-BUF05,DR-dp20-1305
INAC-BWM05,DR-dp20-1464
INAC-BWM07,DR-dp20-1464
INAC-BWM02,DR-dp20-1464
INAC-BWM08,DR-dp20-1464
INAC-BWM06,DR-dp20-1464
TBC-BXD01,DR-drr18-168
TBC-BXD01,DR-drr18-167
TBC-BXD01,DR-drr19-1270
TBC-BXD01,DR-drr19-1269
TBC-BXD01,DR-dp20-1270
TBC-BXD01,DR-dp20-1269
TBC-BXD02,DR-drr18-168
NR-BTM01,DR-drr18-315
NR-BTM01,DR-drr18-317
NR-BTM01,DR-drr18-316
NR-BTM01,DR-drr19-964
NR-BTM01,DR-drr19-966
NR-BTM01,DR-drr19-965
NR-BTM01,DR-dp20-964
NR-BTM01,DR-dp20-966
NR-BTM01,DR-dp20-965
NR-BTM06,DR-drr18-315
NR-BTM06,DR-drr18-317
NR-BTM06,DR-drr19-964
NR-BTM06,DR-drr19-966
NR-BTM06,DR-dp20-964
NR-BTM06,DR-dp20-966
NR-BTM05,DR-drr18-315
NR-BTM05,DR-drr18-317
NR-BTM05,DR-drr19-964
NR-BTM05,DR-drr19-966
NR-BTM05,DR-dp20-964
NR-BTM05,DR-dp20-966
NR-BTM11,DR-drr18-315
NR-BTM11,DR-drr19-964
NR-BTM11,DR-dp20-964
NR-BTM04,DR-drr18-315
NR-BTM04,DR-drr18-317
NR-BTM04,DR-drr19-964
NR-BTM04,DR-drr19-966
NR-BTM04,DR-dp20-964
NR-BTM04,DR-dp20-966
NR-BTM12,DR-drr18-315
NR-BTM12,DR-drr19-964
NR-BTM12,DR-dp20-964
NR-BTM02,DR-drr18-315
NR-BTM02,DR-drr18-317
NR-BTM02,DR-drr18-316
NR-BTM02,DR-drr19-964
NR-BTM02,DR-drr19-966
NR-BTM02,DR-drr19-965
NR-BTM02,DR-dp20-964
NR-BTM02,DR-dp20-966
NR-BTM02,DR-dp20-965
NR-BTM03,DR-drr18-315
NR-BTM03,DR-drr18-317
NR-BTM03,DR-drr18-316
NR-BTM03,DR-drr19-964
NR-BTM03,DR-drr19-966
NR-BTM03,DR-drr19-965
NR-BTM03,DR-dp20-964
NR-BTM03,DR-dp20-966
NR-BTM03,DR-dp20-965
ATSSC-BEE01,DR-drr18-206
ATSSC-BEE01,DR-drr19-1106
ATSSC-BEE01,DR-dp20-1106
ATSSC-BEE02,DR-drr18-206
ATSSC-BEE02,DR-drr19-1106
ATSSC-BEE02,DR-dp20-1106
ATSSC-BEE03,DR-drr18-206
ATSSC-BEE03,DR-drr19-1106
ATSSC-BEE03,DR-dp20-1106
CI-BGD02,DR-drr18-295
CI-BGD02,DR-drr18-296
CI-BGD02,DR-drr19-1088
CI-BGD02,DR-drr19-1089
CI-BGD02,DR-dp20-1088
CI-BGD02,DR-dp20-1089
CI-BGD01,DR-drr18-295
CI-BGD01,DR-drr18-296
CI-BGD01,DR-drr19-1088
CI-BGD01,DR-drr19-1089
CI-BGD01,DR-dp20-1088
CI-BGD01,DR-dp20-1089
CI-BGD03,DR-drr18-295
CI-BGD03,DR-drr18-296
CI-BGD03,DR-drr19-1088
CI-BGD03,DR-drr19-1089
CI-BGD03,DR-dp20-1088
CI-BGD03,DR-dp20-1089
HRSD-BGM08,DR-drr19-12
HRSD-BGM08,DR-dp20-12
HRSD-BGM03,DR-drr18-12
HRSD-BGM03,DR-drr18-15
HRSD-BGM03,DR-drr19-12
HRSD-BGM03,DR-drr19-15
HRSD-BGM03,DR-dp20-12
HRSD-BGM03,DR-dp20-15
HRSD-BGM02,DR-drr18-12
HRSD-BGM02,DR-drr18-15
HRSD-BGM02,DR-drr19-12
HRSD-BGM02,DR-drr19-15
HRSD-BGM02,DR-dp20-12
HRSD-BGM02,DR-dp20-15
CHRC-BSA01,DR-dp20-1118
CHRC-BSA01,DR-dp20-1411
OPSIC-BTS01,DR-drr18-47
OPSIC-BTS01,DR-drr18-46
OPSIC-BTS01,DR-drr19-1059
OPSIC-BTS01,DR-drr19-1060
OPSIC-BTS01,DR-dp20-1059
OPSIC-BTS01,DR-dp20-1060
NEB-BTA02,DR-drr18-328
NEB-BXY02,DR-drr19-1029
NEB-BXY02,DR-dp20-1029
FO-BTI04,DR-drr18-293
FO-BTI04,DR-drr19-930
FO-BTI04,DR-dp20-930
FO-BTI06,DR-drr18-293
FO-BTI06,DR-drr19-930
FO-BTI06,DR-dp20-930
GSC-BVW02,DR-drr18-182
GSC-BVW02,DR-drr19-997
GSC-BVW02,DR-dp20-997
GSC-BVW06,DR-drr18-182
GSC-BVW06,DR-drr18-183
GSC-BVW06,DR-drr19-997
GSC-BVW06,DR-drr19-996
GSC-BVW06,DR-dp20-997
GSC-BVW06,DR-dp20-996
NR-BTO08,DR-drr18-320
NR-BTO08,DR-drr19-969
NR-BTO08,DR-dp20-969
INAC-BWR09,DR-dp20-1468
INAC-BWR07,DR-dp20-1468
INAC-BWR08,DR-dp20-1468
HRSD-BGM07,DR-drr19-14
HRSD-BGM07,DR-dp20-14
HRSD-BGM05,DR-drr18-14
HRSD-BGM05,DR-drr19-14
HRSD-BGM05,DR-dp20-14
SCC-BRH01,DR-drr18-257
SCC-BRH01,DR-drr18-258
SCC-BRH01,DR-drr19-1084
SCC-BRH01,DR-drr19-1083
SCC-BRH01,DR-dp20-1336
SCC-BRH01,DR-dp20-1335
PSEP-BVT06,DR-drr18-8
PSEP-BVT06,DR-drr18-7
PSEP-BVT06,DR-drr19-1009
PSEP-BVT06,DR-drr19-1008
PSEP-BVT06,DR-dp20-1009
PSEP-BVT06,DR-dp20-1008
PSEP-BVT04,DR-drr18-8
PSEP-BVT04,DR-drr18-7
PSEP-BVT04,DR-drr19-1009
PSEP-BVT04,DR-drr19-1008
PSEP-BVT04,DR-dp20-1009
PSEP-BVT04,DR-dp20-1008
PSEP-BVT03,DR-drr18-8
PSEP-BVT03,DR-drr18-7
PSEP-BVT03,DR-drr19-1009
PSEP-BVT03,DR-drr19-1008
PSEP-BVT03,DR-dp20-1009
PSEP-BVT03,DR-dp20-1008
PSEP-BVT01,DR-drr18-8
PSEP-BVT01,DR-drr18-7
PSEP-BVT01,DR-drr18-9
PSEP-BVT01,DR-drr19-1009
PSEP-BVT01,DR-drr19-1008
PSEP-BVT01,DR-drr19-1010
PSEP-BVT01,DR-dp20-1009
PSEP-BVT01,DR-dp20-1008
PSEP-BVT01,DR-dp20-1010
PSEP-BVT05,DR-drr18-8
PSEP-BVT05,DR-drr18-7
PSEP-BVT05,DR-drr18-9
PSEP-BVT05,DR-drr19-1009
PSEP-BVT05,DR-drr19-1008
PSEP-BVT05,DR-drr19-1010
PSEP-BVT05,DR-dp20-1009
PSEP-BVT05,DR-dp20-1008
PSEP-BVT05,DR-dp20-1010
PSEP-BVT02,DR-drr18-8
PSEP-BVT02,DR-drr18-7
PSEP-BVT02,DR-drr19-1009
PSEP-BVT02,DR-drr19-1008
PSEP-BVT02,DR-dp20-1009
PSEP-BVT02,DR-dp20-1008
EA-BVC05,DR-drr18-92
EA-BVC05,DR-drr18-93
EA-BVC05,DR-drr18-94
EA-BVC05,DR-drr19-943
EA-BVC05,DR-drr19-944
EA-BVC05,DR-drr19-945
EA-BVC05,DR-dp20-943
EA-BVC05,DR-dp20-944
EA-BVC05,DR-dp20-945
EA-BVC01,DR-drr18-92
EA-BVC01,DR-drr19-943
EA-BVC01,DR-dp20-943
EA-BVC04,DR-drr18-92
EA-BVC04,DR-drr18-93
EA-BVC04,DR-drr19-943
EA-BVC04,DR-drr19-944
EA-BVC04,DR-dp20-943
EA-BVC04,DR-dp20-944
EA-BVC07,DR-drr18-92
EA-BVC07,DR-drr18-93
EA-BVC07,DR-drr18-94
EA-BVC07,DR-drr19-943
EA-BVC07,DR-drr19-944
EA-BVC07,DR-drr19-945
EA-BVC07,DR-dp20-943
EA-BVC07,DR-dp20-944
EA-BVC07,DR-dp20-945
EA-BVC08,DR-drr18-92
EA-BVC08,DR-drr18-93
EA-BVC08,DR-drr18-94
EA-BVC08,DR-drr19-943
EA-BVC08,DR-drr19-944
EA-BVC08,DR-drr19-945
EA-BVC08,DR-dp20-943
EA-BVC08,DR-dp20-944
EA-BVC08,DR-dp20-945
EA-BVC06,DR-drr18-92
EA-BVC06,DR-drr18-93
EA-BVC06,DR-drr18-94
EA-BVC06,DR-drr19-943
EA-BVC06,DR-drr19-944
EA-BVC06,DR-drr19-945
EA-BVC06,DR-dp20-943
EA-BVC06,DR-dp20-944
EA-BVC06,DR-dp20-945
EA-BVC02,DR-drr18-92
EA-BVC02,DR-drr19-943
EA-BVC02,DR-dp20-943
PSC-BWB03,DR-drr18-31
PSC-BWB03,DR-drr18-30
PSC-BWB03,DR-drr18-32
PSC-BWB03,DR-drr19-1156
PSC-BWB03,DR-drr19-1154
PSC-BWB03,DR-drr19-1155
PSC-BWB03,DR-dp20-1373
PSC-BWB03,DR-dp20-1371
PSC-BWB03,DR-dp20-1374
PSC-BWB01,DR-drr18-31
PSC-BWB01,DR-drr18-30
PSC-BWB01,DR-drr18-32
PSC-BWB01,DR-drr19-1156
PSC-BWB01,DR-drr19-1154
PSC-BWB01,DR-drr19-1155
PSC-BWB01,DR-dp20-1373
PSC-BWB01,DR-dp20-1371
PSC-BWB01,DR-dp20-1374
PSC-BWB02,DR-drr18-31
PSC-BWB02,DR-drr18-30
PSC-BWB02,DR-drr19-1156
PSC-BWB02,DR-drr19-1154
PSC-BWB02,DR-dp20-1373
PSC-BWB02,DR-dp20-1371
EA-BVC03,DR-drr18-93
EA-BVC03,DR-drr19-944
EA-BVC03,DR-dp20-944
CI-BGE03,DR-drr18-300
CI-BGE03,DR-drr18-298
CI-BGE03,DR-drr18-299
CI-BGE03,DR-drr18-297
CI-BGE03,DR-drr19-1092
CI-BGE03,DR-drr19-1091
CI-BGE03,DR-drr19-1093
CI-BGE03,DR-drr19-1090
CI-BGE03,DR-dp20-1092
CI-BGE03,DR-dp20-1091
CI-BGE03,DR-dp20-1093
CI-BGE03,DR-dp20-1090
CI-BGE04,DR-drr18-300
CI-BGE04,DR-drr18-298
CI-BGE04,DR-drr18-299
CI-BGE04,DR-drr18-297
CI-BGE04,DR-drr19-1092
CI-BGE04,DR-drr19-1091
CI-BGE04,DR-drr19-1093
CI-BGE04,DR-drr19-1090
CI-BGE04,DR-dp20-1092
CI-BGE04,DR-dp20-1091
CI-BGE04,DR-dp20-1093
CI-BGE04,DR-dp20-1090
CI-BGE05,DR-drr18-300
CI-BGE05,DR-drr18-298
CI-BGE05,DR-drr18-299
CI-BGE05,DR-drr18-297
CI-BGE05,DR-drr19-1092
CI-BGE05,DR-drr19-1091
CI-BGE05,DR-drr19-1093
CI-BGE05,DR-drr19-1090
CI-BGE05,DR-dp20-1092
CI-BGE05,DR-dp20-1091
CI-BGE05,DR-dp20-1093
CI-BGE05,DR-dp20-1090
CI-BGE02,DR-drr18-300
CI-BGE02,DR-drr18-298
CI-BGE02,DR-drr18-299
CI-BGE02,DR-drr18-297
CI-BGE02,DR-drr19-1092
CI-BGE02,DR-drr19-1091
CI-BGE02,DR-drr19-1093
CI-BGE02,DR-drr19-1090
CI-BGE02,DR-dp20-1092
CI-BGE02,DR-dp20-1091
CI-BGE02,DR-dp20-1093
CI-BGE02,DR-dp20-1090
CI-BGE07,DR-drr18-300
CI-BGE07,DR-drr18-298
CI-BGE07,DR-drr18-299
CI-BGE07,DR-drr19-1092
CI-BGE07,DR-drr19-1091
CI-BGE07,DR-drr19-1093
CI-BGE07,DR-dp20-1092
CI-BGE07,DR-dp20-1091
CI-BGE07,DR-dp20-1093
CI-BGE01,DR-drr18-300
CI-BGE01,DR-drr18-298
CI-BGE01,DR-drr18-299
CI-BGE01,DR-drr18-297
CI-BGE01,DR-drr19-1092
CI-BGE01,DR-drr19-1091
CI-BGE01,DR-drr19-1093
CI-BGE01,DR-drr19-1090
CI-BGE01,DR-dp20-1092
CI-BGE01,DR-dp20-1091
CI-BGE01,DR-dp20-1093
CI-BGE01,DR-dp20-1090
CI-BGE06,DR-drr18-300
CI-BGE06,DR-drr18-298
CI-BGE06,DR-drr18-299
CI-BGE06,DR-drr18-297
CI-BGE06,DR-drr19-1092
CI-BGE06,DR-drr19-1091
CI-BGE06,DR-drr19-1093
CI-BGE06,DR-drr19-1090
CI-BGE06,DR-dp20-1092
CI-BGE06,DR-dp20-1091
CI-BGE06,DR-dp20-1093
CI-BGE06,DR-dp20-1090
CH-BSE04,DR-drr18-228
CH-BSE04,DR-drr19-1175
CH-BSE04,DR-dp20-1175
CH-BSE01,DR-drr18-228
CH-BSE01,DR-drr18-229
CH-BSE01,DR-drr19-1175
CH-BSE01,DR-drr19-1176
CH-BSE01,DR-dp20-1175
CH-BSE01,DR-dp20-1176
CH-BSE03,DR-drr18-228
CH-BSE03,DR-drr18-232
CH-BSE03,DR-drr18-231
CH-BSE03,DR-drr19-1175
CH-BSE03,DR-drr19-1178
CH-BSE03,DR-drr19-1177
CH-BSE03,DR-dp20-1175
CH-BSE03,DR-dp20-1178
CH-BSE03,DR-dp20-1177
CH-BSE02,DR-drr18-228
CH-BSE02,DR-drr18-230
CH-BSE02,DR-drr19-1175
CH-BSE02,DR-drr19-1179
CH-BSE02,DR-dp20-1175
CH-BSE02,DR-dp20-1179
CTA-BTT03,DR-drr18-67
CTA-BTT03,DR-drr18-69
CTA-BTT03,DR-drr18-68
CTA-BTT03,DR-drr19-1025
CTA-BTT03,DR-drr19-1023
CTA-BTT03,DR-drr19-1024
CTA-BTT03,DR-dp20-1025
CTA-BTT03,DR-dp20-1023
CTA-BTT03,DR-dp20-1024
CTA-BTT02,DR-drr18-67
CTA-BTT02,DR-drr18-69
CTA-BTT02,DR-drr18-68
CTA-BTT02,DR-drr19-1025
CTA-BTT02,DR-drr19-1023
CTA-BTT02,DR-drr19-1024
CTA-BTT02,DR-dp20-1025
CTA-BTT02,DR-dp20-1023
CTA-BTT02,DR-dp20-1024
CTA-BTT01,DR-drr18-67
CTA-BTT01,DR-drr18-69
CTA-BTT01,DR-drr18-68
CTA-BTT01,DR-drr19-1025
CTA-BTT01,DR-drr19-1023
CTA-BTT01,DR-drr19-1024
CTA-BTT01,DR-dp20-1025
CTA-BTT01,DR-dp20-1023
CTA-BTT01,DR-dp20-1024
EC-BGT05,DR-drr18-122
EC-BGT05,DR-drr18-121
EC-BGT05,DR-drr19-988
EC-BGT05,DR-drr19-987
EC-BGT05,DR-dp20-988
EC-BGT05,DR-dp20-987
CH-BSD03,DR-drr18-223
CH-BSD03,DR-drr18-225
CH-BSD03,DR-drr18-224
CH-BSD03,DR-drr19-1170
CH-BSD03,DR-drr19-1172
CH-BSD03,DR-drr19-1171
CH-BSD03,DR-dp20-1170
CH-BSD03,DR-dp20-1172
CH-BSD03,DR-dp20-1171
CH-BSD02,DR-drr18-223
CH-BSD02,DR-drr18-225
CH-BSD02,DR-drr18-224
CH-BSD02,DR-drr19-1170
CH-BSD02,DR-drr19-1172
CH-BSD02,DR-drr19-1171
CH-BSD02,DR-dp20-1170
CH-BSD02,DR-dp20-1172
CH-BSD02,DR-dp20-1171
ODPP-BRD02,DR-drr18-149
ODPP-BRD02,DR-drr18-150
ODPP-BRD02,DR-drr18-148
ODPP-BRD01,DR-drr18-149
ODPP-BRD01,DR-drr18-150
ODPP-BRD01,DR-drr18-148
ODPP-BRD01,DR-drr19-1055
ODPP-BRD01,DR-drr19-1054
ODPP-BRD01,DR-drr19-1056
ODPP-BRD01,DR-dp20-1055
ODPP-BRD01,DR-dp20-1054
ODPP-BRD01,DR-dp20-1056
SHARE-BWE08,DR-drr18-360
SHARE-BWE08,DR-drr19-1235
SHARE-BWE03,DR-drr18-360
SHARE-BWE03,DR-drr19-1235
SHARE-BWE01,DR-drr18-360
SHARE-BWE01,DR-drr19-1235
SHARE-BWE07,DR-drr18-360
SHARE-BWE07,DR-drr19-1235
SHARE-BWE05,DR-drr18-360
SHARE-BWE05,DR-drr19-1235
SHARE-BWE02,DR-drr18-360
SHARE-BWE02,DR-drr19-1235
SHARE-BWE10,DR-dp20-1235
SHARE-BWE06,DR-drr18-360
SHARE-BWE06,DR-drr19-1235
SHARE-BWE09,DR-dp20-1235
SHARE-BWE04,DR-drr18-360
SHARE-BWE04,DR-drr19-1235
SIRC-BWY02,DR-drr18-406
SIRC-BWY02,DR-drr19-539
SIRC-BWY01,DR-drr18-406
SIRC-BWY01,DR-drr19-539
EA-BVD07,DR-drr18-98
EA-BVD07,DR-drr19-948
EA-BVD07,DR-dp20-948
EA-BVD06,DR-drr18-98
EA-BVD06,DR-drr19-948
EA-BVD06,DR-dp20-948
EA-BVD05,DR-drr18-98
EA-BVD05,DR-drr19-948
EA-BVD05,DR-dp20-948
CB-BEZ01,DR-drr18-153
CB-BEZ01,DR-drr18-152
CB-BEZ01,DR-drr19-1210
CB-BEZ01,DR-drr19-1211
CB-BEZ01,DR-dp20-1210
CB-BEZ01,DR-dp20-1211
FEDSO-BNM09,DR-drr18-85
FEDSO-BNM07,DR-drr18-85
FEDSO-BNM08,DR-drr18-85
FEDSO-BNM11,DR-drr19-1105
FEDSO-BNM11,DR-drr19-1104
FEDSO-BNM11,DR-dp20-1105
FEDSO-BNM11,DR-dp20-1104
FEDSO-BNM12,DR-drr19-1105
FEDSO-BNM12,DR-dp20-1105
FEDSO-BNM06,DR-drr18-85
EC-BGR02,DR-drr18-116
EC-BGR02,DR-drr18-114
EC-BGR02,DR-drr19-982
EC-BGR02,DR-drr19-980
EC-BGR02,DR-dp20-982
EC-BGR02,DR-dp20-980
PCA-BGW02,DR-drr18-220
PCA-BGW02,DR-drr18-221
PCA-BGW02,DR-drr19-1226
PCA-BGW02,DR-drr19-1225
PCA-BGW02,DR-dp20-1346
PCA-BGW02,DR-dp20-1347
PCA-BGW01,DR-drr18-220
PCA-BGW01,DR-drr18-221
PCA-BGW01,DR-drr19-1226
PCA-BGW01,DR-drr19-1225
PCA-BGW01,DR-dp20-1346
PCA-BGW01,DR-dp20-1347
ISC-BNN03,DR-drr18-126
ISC-BNN03,DR-drr18-125
ISC-BNN03,DR-drr19-971
ISC-BNN03,DR-drr19-970
ISC-BNN03,DR-dp20-971
ISC-BNN03,DR-dp20-970
NRC-BNQ14,DR-drr18-143
NRC-BNQ14,DR-drr19-1212
NRC-BNQ14,DR-dp20-1212
HRSD-BGM06,DR-drr18-15
HRSD-BGM06,DR-drr19-15
HRSD-BGM06,DR-dp20-15
HRSD-BGM01,DR-drr18-15
HRSD-BGM01,DR-drr18-11
HRSD-BGM01,DR-drr19-15
HRSD-BGM01,DR-drr19-470
HRSD-BGM01,DR-dp20-15
HRSD-BGM01,DR-dp20-470
H-BVH12,DR-drr18-418
H-BVH12,DR-drr19-1217
H-BVH12,DR-dp20-1217
H-BVH05,DR-drr18-418
H-BVH05,DR-drr19-1217
H-BVH05,DR-dp20-1217
ND-BUR02,DR-drr18-350
ND-BUR02,DR-drr18-349
ND-BUR02,DR-drr19-1289
ND-BUR02,DR-drr19-1288
ND-BUR02,DR-dp20-1289
ND-BUR02,DR-dp20-1288
ND-BUR01,DR-drr18-350
ND-BUR01,DR-drr18-349
ND-BUR01,DR-drr19-1289
ND-BUR01,DR-drr19-1288
ND-BUR01,DR-dp20-1289
ND-BUR01,DR-dp20-1288
ND-BUR03,DR-drr18-350
ND-BUR03,DR-drr18-349
ND-BUR03,DR-drr19-1289
ND-BUR03,DR-drr19-1288
ND-BUR03,DR-dp20-1289
ND-BUR03,DR-dp20-1288
ND-BUR04,DR-drr18-350
ND-BUR04,DR-drr18-351
ND-BUR04,DR-drr19-1289
ND-BUR04,DR-drr19-1290
ND-BUR04,DR-dp20-1289
ND-BUR04,DR-dp20-1290
OCI-BVL01,DR-drr18-45
OCI-BVL01,DR-drr19-1058
OCI-BVL01,DR-dp20-1058
EC-BGR01,DR-drr18-114
EC-BGR01,DR-drr18-115
EC-BGR01,DR-drr19-980
EC-BGR01,DR-drr19-981
EC-BGR01,DR-dp20-980
EC-BGR01,DR-dp20-1395
H-BVH04,DR-drr18-416
H-BVH04,DR-drr19-1219
H-BVH04,DR-dp20-1219
H-BVH02,DR-drr18-416
H-BVH02,DR-drr19-1219
H-BVH02,DR-dp20-1219
H-BVH01,DR-drr18-416
H-BVH01,DR-drr19-1219
H-BVH01,DR-dp20-1219
H-BVH03,DR-drr18-416
H-BVH03,DR-drr19-1219
H-BVH03,DR-dp20-1219
INAC-BWM12,DR-drr18-308
INAC-BWM12,DR-drr19-955
NSERC-BNR01,DR-drr18-382
NSERC-BNR01,DR-drr18-383
NSERC-BNR01,DR-drr19-1041
NSERC-BNR01,DR-drr19-1040
NSERC-BNR01,DR-dp20-1041
NSERC-BNR01,DR-dp20-1040
ORL-BVA03,DR-drr18-76
ORL-BVA03,DR-drr18-77
ORL-BVA03,DR-drr19-1052
ORL-BVA03,DR-drr19-1053
IRB-BGC02,DR-drr18-243
IRB-BGC02,DR-drr19-1230
IRB-BGC02,DR-dp20-1422
IRB-BGC01,DR-drr18-243
IRB-BGC01,DR-drr19-1230
IRB-BGC01,DR-dp20-1422
IRB-BGC04,DR-drr18-243
IRB-BGC04,DR-drr19-1230
IRB-BGC04,DR-dp20-1422
IRB-BGC03,DR-drr18-243
IRB-BGC03,DR-drr19-1230
IRB-BGC03,DR-dp20-1422
ISC-BNP12,DR-drr18-132
ISC-BNP12,DR-drr19-977
ISC-BNP12,DR-dp20-977
ISC-BNP07,DR-drr18-132
ISC-BNP07,DR-drr18-131
ISC-BNP07,DR-drr19-977
ISC-BNP07,DR-drr19-976
ISC-BNP07,DR-dp20-977
ISC-BNP07,DR-dp20-976
ISC-BNP04,DR-drr18-132
ISC-BNP04,DR-drr19-977
ISC-BNP04,DR-dp20-977
EC-BGS02,DR-drr18-119
EC-BGS02,DR-drr18-120
EC-BGS02,DR-drr19-985
EC-BGS02,DR-drr19-986
EC-BGS02,DR-dp20-985
EC-BGS02,DR-dp20-986
EC-BGS04,DR-drr18-119
EC-BGS04,DR-drr18-120
EC-BGS04,DR-drr19-985
EC-BGS04,DR-drr19-986
EC-BGS04,DR-dp20-985
EC-BGS04,DR-dp20-986
FIN-BUV11,DR-drr18-108
FIN-BUV11,DR-drr19-936
FIN-BUV11,DR-dp20-936
SHARE-BWC06,DR-dp20-1400
SHARE-BWC06,DR-dp20-1231
SHARE-BWC04,DR-drr18-357
SHARE-BWC04,DR-drr19-1232
SHARE-BWC03,DR-drr18-357
SHARE-BWC03,DR-drr19-1232
SHARE-BWC02,DR-drr18-357
SHARE-BWC02,DR-drr19-1232
CFIA-BUH05,DR-drr18-387
CFIA-BUH05,DR-drr19-1272
CFIA-BUH05,DR-dp20-1272
CFIA-BUH01,DR-drr18-387
CFIA-BUH01,DR-drr19-1272
CFIA-BUH01,DR-dp20-1272
CFIA-BUH03,DR-drr18-387
CFIA-BUH03,DR-drr19-1272
CFIA-BUH03,DR-dp20-1272
CFIA-BUH07,DR-drr18-387
CFIA-BUH07,DR-drr19-1272
CFIA-BUH07,DR-dp20-1272
CFIA-BUH06,DR-drr18-387
CFIA-BUH06,DR-drr19-1272
CFIA-BUH06,DR-dp20-1272
CFIA-BUH02,DR-drr18-387
CFIA-BUH02,DR-drr19-1272
CFIA-BUH02,DR-dp20-1272
CICS-BWV01,DR-drr18-83
CICS-BWV01,DR-drr18-84
CICS-BWV01,DR-drr19-1022
CICS-BWV01,DR-drr19-1021
CICS-BWV01,DR-dp20-1022
CICS-BWV01,DR-dp20-1021
GSC-BVW05,DR-drr18-180
GSC-BVW05,DR-drr18-183
GSC-BVW05,DR-drr19-994
GSC-BVW05,DR-drr19-996
GSC-BVW05,DR-dp20-994
GSC-BVW05,DR-dp20-996
HRSD-BGN01,DR-drr18-16
HRSD-BGN01,DR-drr18-18
HRSD-BGN01,DR-drr19-465
HRSD-BGN01,DR-drr19-466
HRSD-BGN01,DR-dp20-465
HRSD-BGN01,DR-dp20-466
NEB-BTB03,DR-drr18-329
NEB-BXT03,DR-drr19-1033
NEB-BXT03,DR-dp20-1033
NEB-BTB04,DR-drr18-329
NEB-BXT04,DR-drr19-1033
NEB-BXT04,DR-dp20-1033
NEB-BTB02,DR-drr18-329
NEB-BXT02,DR-drr19-1033
NEB-BXT02,DR-dp20-1033
NEB-BTB01,DR-drr18-329
NEB-BXT01,DR-drr19-1033
NEB-BXT01,DR-dp20-1033
CBSA-BUF02,DR-drr18-48
CBSA-BUF02,DR-drr19-1301
CBSA-BUF02,DR-dp20-1301
CBSA-BUF03,DR-drr18-48
CBSA-BUF03,DR-drr19-1301
CBSA-BUF03,DR-dp20-1301
CBSA-BUF01,DR-drr18-48
CBSA-BUF01,DR-drr19-1301
CBSA-BUF01,DR-dp20-1301
NR-BTM10,DR-drr18-317
NR-BTM10,DR-drr18-316
NR-BTM10,DR-drr19-966
NR-BTM10,DR-drr19-965
NR-BTM10,DR-dp20-966
NR-BTM10,DR-dp20-965
NR-BTM07,DR-drr18-317
NR-BTM07,DR-drr19-966
NR-BTM07,DR-dp20-966
NR-BTM09,DR-drr18-317
NR-BTM09,DR-drr19-966
NR-BTM09,DR-dp20-966
NR-BTM08,DR-drr18-317
NR-BTM08,DR-drr19-966
NR-BTM08,DR-dp20-966
NPB-BUC01,DR-drr18-402
NPB-BUC01,DR-drr18-400
NPB-BUC01,DR-drr18-401
NPB-BUC01,DR-drr19-1254
NPB-BUC01,DR-drr19-1256
NPB-BUC01,DR-drr19-1255
NPB-BUC01,DR-dp20-1254
NPB-BUC01,DR-dp20-1256
NPB-BUC01,DR-dp20-1255
TBC-BXB08,DR-drr19-1265
TBC-BXB08,DR-dp20-1265
TBC-BXB09,DR-drr19-1265
TBC-BXB09,DR-dp20-1265
TBC-BXB03,DR-drr18-159
TBC-BXB03,DR-drr19-1265
TBC-BXB03,DR-dp20-1265
TBC-BXB02,DR-drr18-159
TBC-BXB02,DR-drr18-158
TBC-BXB02,DR-drr19-1265
TBC-BXB02,DR-drr19-1262
TBC-BXB02,DR-dp20-1265
TBC-BXB02,DR-dp20-1262
ND-BUN01,DR-drr18-336
ND-BUN01,DR-drr18-335
ND-BUN01,DR-drr18-337
ND-BUN01,DR-drr19-1275
ND-BUN01,DR-drr19-1276
ND-BUN01,DR-drr19-1277
ND-BUN01,DR-dp20-1275
ND-BUN01,DR-dp20-1276
ND-BUN01,DR-dp20-1277
CI-BGF02,DR-drr18-302
CI-BGF02,DR-drr19-1095
CI-BGF02,DR-dp20-1095
FO-BTF12,DR-drr18-281
FO-BTF12,DR-drr19-918
FO-BTF12,DR-dp20-1343
FO-BTF01,DR-drr18-281
FO-BTF01,DR-drr19-918
FO-BTF01,DR-dp20-1343
PCO-BWW05,DR-drr18-321
PCO-BWW05,DR-drr19-1012
PCO-BWW04,DR-drr18-321
PCO-BWW04,DR-drr19-1012
PCO-BWW04,DR-dp20-1012
PCO-BWW01,DR-drr18-321
PCO-BWW01,DR-drr18-324
PCO-BWW01,DR-drr19-1012
PCO-BWW01,DR-drr19-1015
PCO-BWW01,DR-dp20-1012
PCO-BWW01,DR-dp20-1469
ND-BUN06,DR-drr18-339
ND-BUN06,DR-drr18-335
ND-BUN06,DR-drr18-338
ND-BUN06,DR-drr19-1274
ND-BUN06,DR-drr19-1276
ND-BUN06,DR-drr19-1278
ND-BUN06,DR-dp20-1274
ND-BUN06,DR-dp20-1276
ND-BUN06,DR-dp20-1278
ND-BUN03,DR-drr18-339
ND-BUN03,DR-drr19-1274
ND-BUN03,DR-dp20-1274
ND-BUN04,DR-drr18-339
ND-BUN04,DR-drr19-1274
ND-BUN04,DR-dp20-1274
ND-BUN07,DR-drr18-339
ND-BUN07,DR-drr18-338
ND-BUN07,DR-drr19-1274
ND-BUN07,DR-drr19-1278
ND-BUN07,DR-dp20-1274
ND-BUN07,DR-dp20-1278
CTAIB-BWA04,DR-drr18-64
CTAIB-BWA04,DR-drr18-66
CTAIB-BWA04,DR-drr18-65
CTAIB-BWA04,DR-drr19-1229
CTAIB-BWA04,DR-drr19-1227
CTAIB-BWA04,DR-drr19-1228
CTAIB-BWA04,DR-dp20-1229
CTAIB-BWA04,DR-dp20-1227
CTAIB-BWA04,DR-dp20-1228
CTAIB-BWA03,DR-drr18-64
CTAIB-BWA03,DR-drr18-66
CTAIB-BWA03,DR-drr18-65
CTAIB-BWA03,DR-drr19-1229
CTAIB-BWA03,DR-drr19-1227
CTAIB-BWA03,DR-drr19-1228
CTAIB-BWA03,DR-dp20-1229
CTAIB-BWA03,DR-dp20-1227
CTAIB-BWA03,DR-dp20-1228
CTAIB-BWA02,DR-drr18-64
CTAIB-BWA02,DR-drr18-66
CTAIB-BWA02,DR-drr18-65
CTAIB-BWA02,DR-drr19-1229
CTAIB-BWA02,DR-drr19-1227
CTAIB-BWA02,DR-drr19-1228
CTAIB-BWA02,DR-dp20-1229
CTAIB-BWA02,DR-dp20-1227
CTAIB-BWA02,DR-dp20-1228
INVIC-BCZ02,DR-dp20-1452
INVIC-BCZ03,DR-dp20-1452
PCA-BGW04,DR-drr18-222
PCA-BGW04,DR-drr19-1224
PCA-BGW04,DR-dp20-1224
PCA-BGW05,DR-drr18-222
PCA-BGW05,DR-drr19-1224
PCA-BGW05,DR-dp20-1224
PCA-BGW03,DR-drr18-222
PCA-BGW03,DR-drr19-1224
PCA-BGW03,DR-dp20-1224
FIN-BUV07,DR-drr18-109
FIN-BUV07,DR-drr19-937
FIN-BUV07,DR-dp20-937
FIN-BUV08,DR-drr18-109
FIN-BUV08,DR-drr19-937
FIN-BUV08,DR-dp20-937
FIN-BUV09,DR-drr18-109
FIN-BUV09,DR-drr19-937
FIN-BUV09,DR-dp20-937
INDSC-BXP03,DR-dp20-1329
INDSC-BXP03,DR-drr19-1329
INDSC-BXP04,DR-dp20-1329
INDSC-BXP04,DR-drr19-1329
INDSC-BXP13,DR-dp20-1329
CIHR-BUI02,DR-drr18-380
CIHR-BUI02,DR-drr18-381
CIHR-BUI02,DR-drr18-379
CIHR-BUI02,DR-drr19-1097
CIHR-BUI02,DR-drr19-1096
CIHR-BUI02,DR-drr19-1098
CIHR-BUI02,DR-dp20-1097
CIHR-BUI02,DR-dp20-1096
CIHR-BUI02,DR-dp20-1098
CIHR-BUI01,DR-drr18-380
CIHR-BUI01,DR-drr18-381
CIHR-BUI01,DR-drr18-379
CIHR-BUI01,DR-drr19-1097
CIHR-BUI01,DR-drr19-1096
CIHR-BUI01,DR-drr19-1098
CIHR-BUI01,DR-dp20-1097
CIHR-BUI01,DR-dp20-1096
CIHR-BUI01,DR-dp20-1098
CIHR-BUI03,DR-drr18-380
CIHR-BUI03,DR-drr18-381
CIHR-BUI03,DR-drr18-379
CIHR-BUI03,DR-drr19-1097
CIHR-BUI03,DR-drr19-1096
CIHR-BUI03,DR-drr19-1098
CIHR-BUI03,DR-dp20-1097
CIHR-BUI03,DR-dp20-1096
CIHR-BUI03,DR-dp20-1098
NFB-BSM01,DR-drr18-374
NFB-BSM01,DR-drr18-372
NFB-BSM01,DR-drr18-373
NFB-BSM01,DR-drr19-1242
NFB-BSM01,DR-drr19-1240
NFB-BSM01,DR-drr19-1241
NFB-BSM01,DR-dp20-1242
NFB-BSM01,DR-dp20-1240
NFB-BSM01,DR-dp20-1241
GSC-BVV02,DR-drr18-178
GSC-BVV02,DR-drr18-177
GSC-BVV02,DR-drr19-992
GSC-BVV02,DR-drr19-991
GSC-BVV02,DR-dp20-992
GSC-BVV02,DR-dp20-991
GSC-BVV01,DR-drr18-178
GSC-BVV01,DR-drr18-179
GSC-BVV01,DR-drr19-992
GSC-BVV01,DR-drr19-993
GSC-BVV01,DR-dp20-992
GSC-BVV01,DR-dp20-993
INDSC-BXM12,DR-dp20-1327
INDSC-BXM12,DR-drr19-1327
INDSC-BXM10,DR-dp20-1327
INDSC-BXM10,DR-drr19-1327
INDSC-BXM13,DR-dp20-1327
INDSC-BXM13,DR-drr19-1327
INDSC-BXM11,DR-dp20-1327
INDSC-BXM11,DR-drr19-1327
INDSC-BXM14,DR-dp20-1327
INDSC-BXM14,DR-drr19-1327
INDSC-BXM02,DR-dp20-1327
INDSC-BXM02,DR-drr19-1327
INDSC-BXM01,DR-dp20-1327
INDSC-BXM01,DR-drr19-1327
CCMD-BTR01,DR-drr19-1114
CCMD-BTR01,DR-drr19-1115
CCMD-BTR01,DR-drr19-1117
CCMD-BTR01,DR-drr19-1116
CCMD-BTR01,DR-dp20-1114
CCMD-BTR01,DR-dp20-1115
CCMD-BTR01,DR-dp20-1117
CCMD-BTR01,DR-dp20-1116
CH-BSG01,DR-drr18-236
CH-BSG01,DR-drr19-1183
CH-BSG01,DR-dp20-1183
TC-BTY02,DR-drr18-441
TC-BTY02,DR-drr19-1196
TC-BTY02,DR-dp20-1196
TC-BTY04,DR-drr18-441
TC-BTY04,DR-drr19-1196
TC-BTY04,DR-dp20-1196
GSC-BVX03,DR-drr18-185
GSC-BVX03,DR-drr18-186
GSC-BVX03,DR-drr18-184
GSC-BVX03,DR-drr19-999
GSC-BVX03,DR-drr19-1000
GSC-BVX03,DR-drr19-998
GSC-BVX01,DR-drr18-185
GSC-BVX01,DR-drr18-186
GSC-BVX01,DR-drr18-184
GSC-BVX01,DR-drr19-999
GSC-BVX01,DR-drr19-1000
GSC-BVX01,DR-drr19-998
GSC-BVX02,DR-drr18-185
GSC-BVX02,DR-drr18-186
GSC-BVX02,DR-drr19-999
GSC-BVX02,DR-drr19-1000
HRSD-BGP07,DR-drr18-24
HRSD-BGP07,DR-drr18-25
HRSD-BGP07,DR-drr18-26
HRSD-BGP07,DR-drr19-24
HRSD-BGP07,DR-drr19-25
HRSD-BGP07,DR-drr19-26
HRSD-BGP07,DR-dp20-24
HRSD-BGP07,DR-dp20-25
HRSD-BGP07,DR-dp20-26
HRSD-BGP03,DR-drr18-24
HRSD-BGP03,DR-drr18-27
HRSD-BGP03,DR-drr19-24
HRSD-BGP03,DR-drr19-27
HRSD-BGP03,DR-dp20-24
HRSD-BGP03,DR-dp20-27
ND-BUN05,DR-drr18-335
ND-BUN05,DR-drr19-1276
ND-BUN05,DR-dp20-1276
FORDQ-BLL01,DR-drr18-62
FORDQ-BLL01,DR-drr18-60
FORDQ-BLL03,DR-drr18-62
FORDQ-BLL03,DR-drr18-60
FORDQ-BLL03,DR-drr18-61
FORDQ-BLL03,DR-drr19-1204
FORDQ-BLL03,DR-drr19-1206
FORDQ-BLL03,DR-drr19-1205
FORDQ-BLL03,DR-dp20-1204
FORDQ-BLL03,DR-dp20-1206
FORDQ-BLL03,DR-dp20-1205
FORDQ-BLL04,DR-drr19-1204
FORDQ-BLL04,DR-drr19-1206
FORDQ-BLL04,DR-dp20-1204
FORDQ-BLL04,DR-dp20-1206
HRSD-BGP02,DR-drr18-27
HRSD-BGP02,DR-drr18-25
HRSD-BGP02,DR-drr19-27
HRSD-BGP02,DR-drr19-25
HRSD-BGP02,DR-dp20-27
HRSD-BGP02,DR-dp20-25
HRSD-BGP06,DR-drr18-27
HRSD-BGP06,DR-drr18-25
HRSD-BGP06,DR-drr19-27
HRSD-BGP06,DR-drr19-25
HRSD-BGP06,DR-dp20-27
HRSD-BGP06,DR-dp20-25
HRSD-BGP01,DR-drr18-27
HRSD-BGP01,DR-drr18-26
HRSD-BGP01,DR-drr19-27
HRSD-BGP01,DR-drr19-26
HRSD-BGP01,DR-dp20-27
HRSD-BGP01,DR-dp20-26
HRSD-BGP04,DR-drr18-27
HRSD-BGP04,DR-drr18-25
HRSD-BGP04,DR-drr19-27
HRSD-BGP04,DR-drr19-25
HRSD-BGP04,DR-dp20-27
HRSD-BGP04,DR-dp20-25
HRSD-BGP05,DR-drr18-27
HRSD-BGP05,DR-drr18-25
HRSD-BGP05,DR-drr19-27
HRSD-BGP05,DR-drr19-25
HRSD-BGP05,DR-dp20-27
HRSD-BGP05,DR-dp20-25
FO-BTH06,DR-drr18-290
FO-BTH06,DR-drr19-927
FO-BTH06,DR-dp20-927
FO-BTH02,DR-drr18-290
FO-BTH02,DR-drr18-291
FO-BTH02,DR-drr19-927
FO-BTH02,DR-drr19-928
FO-BTH02,DR-dp20-927
FO-BTH02,DR-dp20-928
FO-BTH03,DR-drr18-290
FO-BTH03,DR-drr18-291
FO-BTH03,DR-drr19-927
FO-BTH03,DR-drr19-928
FO-BTH03,DR-dp20-927
FO-BTH03,DR-dp20-928
FO-BTH04,DR-drr18-290
FO-BTH04,DR-drr18-291
FO-BTH04,DR-drr19-927
FO-BTH04,DR-drr19-928
FO-BTH04,DR-dp20-927
FO-BTH04,DR-dp20-928
EC-BGR03,DR-drr18-115
EC-BGR03,DR-drr18-117
EC-BGR03,DR-drr19-981
EC-BGR03,DR-drr19-983
EC-BGR03,DR-dp20-1395
EC-BGR03,DR-dp20-983
CH-BSG03,DR-drr18-237
CH-BSG03,DR-drr19-1184
CH-BSG03,DR-dp20-1184
GSC-BVX01,DR-dp20-1433
GSC-BVX01,DR-dp20-998
GSC-BVX02,DR-dp20-1433
GSC-BVX03,DR-dp20-1433
GSC-BVX03,DR-dp20-998
GSC-BVX04,DR-drr18-186
GSC-BVX04,DR-drr19-1000
GSC-BVX04,DR-dp20-1433
TC-BTX01,DR-drr18-438
TC-BTX01,DR-drr19-1193
TC-BTX01,DR-dp20-1193
FEDSO-BNM04,DR-drr18-87
FEDSO-BNM05,DR-drr18-87
FEDSO-BNM03,DR-drr18-87
FEDSO-BNM10,DR-drr19-1103
FEDSO-BNM10,DR-dp20-1103
HRSD-BGQ04,DR-drr18-29
HRSD-BGQ04,DR-drr19-472
HRSD-BGQ04,DR-dp20-472
INDSC-BWS06,DR-drr18-427
INDSC-BWS02,DR-drr18-427
INDSC-BWS03,DR-drr18-427
TC-BTW24,DR-drr18-436
TC-BTW24,DR-drr19-1190
TC-BTW24,DR-dp20-1190
CCRA-BRB01,DR-drr18-420
CCRA-BRB01,DR-drr19-1316
CCRA-BRB01,DR-dp20-1316
NPB-BUA01,DR-drr18-398
NPB-BUA01,DR-drr18-397
NPB-BUA01,DR-drr19-1250
NPB-BUA01,DR-drr19-1251
NPB-BUA01,DR-dp20-1250
NPB-BUA01,DR-dp20-1251
CNEDA-BNL02,DR-drr18-197
CNEDA-BNL02,DR-drr19-1296
CNEDA-BNL02,DR-dp20-1296
CASDO-BXZ01,DR-dp20-1449
CASDO-BXZ01,DR-dp20-1451
CASDO-BXZ01,DR-dp20-1448
INDSC-BXP10,DR-dp20-1459
INDSC-BXP11,DR-dp20-1459
FO-BTI02,DR-drr18-292
FO-BTI02,DR-drr19-929
FO-BTI02,DR-dp20-929
FO-BTI01,DR-drr18-292
FO-BTI01,DR-drr19-929
FO-BTI01,DR-dp20-929
TBC-BXC01,DR-drr18-166
TBC-BXC01,DR-drr19-1267
TBC-BXC01,DR-dp20-1432
GSC-BVY07,DR-drr18-189
GSC-BVY07,DR-drr19-1003
GSC-BVY07,DR-dp20-1003
GSC-BVY02,DR-drr18-189
GSC-BVY02,DR-drr19-1003
GSC-BVY02,DR-dp20-1003
GSC-BVY04,DR-drr18-189
GSC-BVY04,DR-drr19-1003
GSC-BVY04,DR-dp20-1003
GSC-BVY06,DR-drr18-189
GSC-BVY06,DR-drr19-1003
GSC-BVY06,DR-dp20-1003
GSC-BVY03,DR-drr18-189
GSC-BVY03,DR-drr19-1003
GSC-BVY03,DR-dp20-1003
GSC-BVY05,DR-drr18-189
GSC-BVY05,DR-drr19-1003
GSC-BVY05,DR-dp20-1003
FJA-BNZ03,DR-drr18-392
FJA-BNZ03,DR-drr18-391
FJA-BNZ03,DR-drr19-1045
FJA-BNZ03,DR-drr19-1044
FJA-BNZ03,DR-dp20-1045
FJA-BNZ03,DR-dp20-1044
SC-BNV05,DR-drr18-255
SC-BNV05,DR-drr18-254
SC-BNV05,DR-drr19-1299
SC-BNV05,DR-drr19-1300
SC-BNV05,DR-dp20-1299
SC-BNV05,DR-dp20-1300
CCOHS-BFZ01,DR-drr18-211
CCOHS-BFZ01,DR-drr18-213
CCOHS-BFZ01,DR-drr18-212
CCOHS-BFZ01,DR-drr19-1087
CCOHS-BFZ01,DR-drr19-1085
CCOHS-BFZ01,DR-drr19-1086
CCOHS-BFZ01,DR-dp20-1410
ND-BUP03,DR-drr18-343
ND-BUP03,DR-drr19-1284
ND-BUP03,DR-dp20-1284
LAC-BSI04,DR-drr18-80
LAC-BSI04,DR-drr19-1072
LAC-BSI04,DR-dp20-1072
CASDO-BXZ02,DR-dp20-1450
GSC-BVW03,DR-drr18-183
GSC-BVW03,DR-drr19-996
GSC-BVW03,DR-dp20-996
GSC-BVW04,DR-drr18-183
GSC-BVW04,DR-drr19-996
GSC-BVW04,DR-dp20-996
FEDSO-BNM01,DR-drr18-86
FEDSO-BNM02,DR-drr18-86
PHAC-BVR01,DR-drr18-269
PHAC-BVR01,DR-drr19-1165
PHAC-BVR01,DR-dp20-1165
INAC-BWR02,DR-drr18-309
INAC-BWR02,DR-drr19-960
INAC-BWR01,DR-drr18-309
INAC-BWR01,DR-drr19-960
PSEP-BVS02,DR-drr18-6
PSEP-BVS02,DR-drr19-1007
PSEP-BVS02,DR-dp20-1007
PSEP-BVS03,DR-drr18-6
PSEP-BVS03,DR-drr19-1007
PSEP-BVS03,DR-dp20-1007
PSEP-BVS01,DR-drr18-6
PSEP-BVS01,DR-drr19-1007
PSEP-BVS01,DR-dp20-1007
SSHRC-BNT01,DR-drr18-3
SSHRC-BNT01,DR-drr18-4
SSHRC-BNT01,DR-drr18-2
SSHRC-BNT01,DR-drr19-1067
SSHRC-BNT01,DR-drr19-1066
SSHRC-BNT01,DR-drr19-1068
SSHRC-BNT01,DR-dp20-1067
SSHRC-BNT01,DR-dp20-1066
SSHRC-BNT01,DR-dp20-1068
SSHRC-BNT03,DR-drr18-3
SSHRC-BNT03,DR-drr18-4
SSHRC-BNT03,DR-drr18-2
SSHRC-BNT03,DR-drr19-1067
SSHRC-BNT03,DR-drr19-1066
SSHRC-BNT03,DR-drr19-1068
SSHRC-BNT03,DR-dp20-1067
SSHRC-BNT03,DR-dp20-1066
SSHRC-BNT03,DR-dp20-1068
SSHRC-BNT02,DR-drr18-3
SSHRC-BNT02,DR-drr18-4
SSHRC-BNT02,DR-drr18-2
SSHRC-BNT02,DR-drr19-1067
SSHRC-BNT02,DR-drr19-1066
SSHRC-BNT02,DR-drr19-1068
SSHRC-BNT02,DR-dp20-1067
SSHRC-BNT02,DR-dp20-1066
SSHRC-BNT02,DR-dp20-1068
PHAC-BVP02,DR-drr18-266
PHAC-BVP02,DR-drr18-265
PHAC-BVP02,DR-drr19-1162
PHAC-BVP02,DR-drr19-1161
PHAC-BVP02,DR-dp20-1162
PHAC-BVP02,DR-dp20-1161
PHAC-BVP03,DR-drr18-266
PHAC-BVP03,DR-drr18-264
PHAC-BVP03,DR-drr19-1162
PHAC-BVP03,DR-drr19-1160
PHAC-BVP03,DR-dp20-1162
PHAC-BVP03,DR-dp20-1160
INAC-BWR11,DR-dp20-1466
NPB-BUB01,DR-drr18-399
NPB-BUB01,DR-drr19-1252
NPB-BUB01,DR-dp20-1252
CGC-BGB03,DR-drr18-71
CGC-BGB03,DR-drr19-1019
CGC-BGB03,DR-dp20-1019
OCOL-BGH01,DR-drr18-207
OCOL-BGH01,DR-drr18-208
OCOL-BGH01,DR-drr19-1221
OCOL-BGH01,DR-drr19-1220
OCOL-BGH01,DR-dp20-1221
OCOL-BGH01,DR-dp20-1220
CCRA-BRC01,DR-drr18-421
CCRA-BRC01,DR-drr19-1318
CCRA-BRC01,DR-dp20-1318
FORDQ-BLL02,DR-drr18-61
FORDQ-BLL02,DR-drr19-1205
FORDQ-BLL02,DR-dp20-1205
CFGB-BUZ01,DR-drr18-413
CFGB-BUZ01,DR-drr18-412
CFGB-BUZ01,DR-drr19-1134
CFGB-BUZ01,DR-drr19-1135
CFGB-BUZ01,DR-dp20-1392
CFGB-BUZ01,DR-dp20-1135
FO-BTH01,DR-drr18-291
FO-BTH01,DR-drr19-928
FO-BTH01,DR-dp20-928
INDSC-BWS01,DR-drr18-425
PCO-BWW03,DR-drr18-323
PCO-BWW03,DR-drr19-1014
PCO-BWW03,DR-dp20-1014
AECB-BTJ05,DR-drr18-396
AECB-BTJ05,DR-drr19-1080
AECB-BTJ05,DR-dp20-1080
GSC-BVW01,DR-drr18-181
GSC-BVW01,DR-drr19-995
GSC-BVW01,DR-dp20-995
FO-BTF02,DR-dp20-1353
ISC-BNN02,DR-drr18-127
ISC-BNN02,DR-drr19-972
ISC-BNN02,DR-dp20-972
ODPP-BRE01,DR-drr18-151
ODPP-BRE01,DR-drr19-1057
AGR-BWP10,DR-drr18-371
AGR-BWP10,DR-drr19-917
AGR-BWP10,DR-dp20-917
AGR-BWP08,DR-drr18-371
AGR-BWP08,DR-drr19-917
AGR-BWP08,DR-dp20-917
AGR-BWP09,DR-drr18-371
AGR-BWP09,DR-drr19-917
AGR-BWP09,DR-dp20-917
CSC-BUJ01,DR-drr18-216
CSC-BUJ01,DR-drr19-1099
CSC-BUJ01,DR-dp20-1099
CSC-BUJ02,DR-drr18-216
CSC-BUJ02,DR-drr19-1099
CSC-BUJ02,DR-dp20-1099
CSC-BUJ03,DR-drr18-216
CSC-BUJ03,DR-drr19-1099
CSC-BUJ03,DR-dp20-1099
CSC-BUJ06,DR-drr18-216
CSC-BUJ06,DR-drr19-1099
CSC-BUJ06,DR-dp20-1099
PHAC-BVQ01,DR-drr18-268
PHAC-BVQ01,DR-drr19-1164
PHAC-BVQ01,DR-dp20-1372
PHAC-BVQ04,DR-drr18-268
PHAC-BVQ04,DR-drr19-1164
PHAC-BVQ04,DR-dp20-1372
LAC-BSJ02,DR-drr18-81
LAC-BSJ02,DR-drr18-82
LAC-BSJ02,DR-drr19-1076
LAC-BSJ02,DR-drr19-1075
LAC-BSJ02,DR-dp20-1076
LAC-BSJ01,DR-drr18-81
LAC-BSJ01,DR-drr19-1076
LAC-BSJ01,DR-dp20-1076
ISC-BNN04,DR-drr18-125
ISC-BNN04,DR-drr19-970
ISC-BNN04,DR-dp20-970
ISC-BNN01,DR-drr18-125
ISC-BNN01,DR-drr19-970
ISC-BNN01,DR-dp20-970
OSFI-BVO01,DR-drr18-405
OSFI-BVO01,DR-drr19-1141
OSFI-BVO01,DR-dp20-1141
IPC-BRG02,DR-drr18-42
IPC-BRG02,DR-drr19-1159
IPC-BRG02,DR-dp20-1159
INAC-BWM10,DR-dp20-1463
INAC-BWM04,DR-dp20-1463
INDSC-BWU09,DR-drr18-433
INDSC-BWU11,DR-drr18-433
INDSC-BWU10,DR-drr18-433
INDSC-BWU12,DR-drr18-433
ND-BUS05,DR-drr18-354
ND-BUS05,DR-drr19-1294
ND-BUS05,DR-dp20-1294
SHARE-BWC05,DR-drr19-1231
SHARE-BWC01,DR-drr18-356
SHARE-BWC01,DR-drr19-1231
INDSC-BWT02,DR-drr18-428
INDSC-BWT03,DR-drr18-428
INDSC-BWT04,DR-drr18-428
OCSEC-BVK01,DR-drr18-385
OCSEC-BVK01,DR-drr19-1199
TBC-BXA03,DR-drr18-154
TBC-BXA03,DR-drr18-157
TBC-BXA03,DR-drr18-155
INDSC-BWS04,DR-drr18-426
INDSC-BWS05,DR-drr18-426
CEO-BXX01,DR-dp20-1341
CBSA-BUG05,DR-drr18-59
CBSA-BUG05,DR-drr19-1312
CBSA-BUG05,DR-dp20-1312
PSEP-BVU02,DR-drr18-10
PSEP-BVU02,DR-drr19-1011
PSEP-BVU02,DR-dp20-1011
PSEP-BVU01,DR-drr18-10
PSEP-BVU01,DR-drr19-1011
PSEP-BVU01,DR-dp20-1011
PSEP-BVU03,DR-drr18-10
PSEP-BVU03,DR-drr19-1011
PSEP-BVU03,DR-dp20-1011
ND-BUP10,DR-drr18-346
ND-BUP10,DR-drr19-1283
ND-BUP10,DR-dp20-1283
IPC-BRF01,DR-drr18-215
IPC-BRF01,DR-drr18-214
IPC-BRF01,DR-drr19-1061
IPC-BRF01,DR-drr19-1062
IPC-BRF01,DR-dp20-1061
IPC-BRF01,DR-dp20-1062
PHAC-BVP01,DR-drr18-264
PHAC-BVP01,DR-drr19-1160
PHAC-BVP01,DR-dp20-1160
NSERC-BNR02,DR-drr18-383
NSERC-BNR02,DR-drr19-1040
NSERC-BNR02,DR-dp20-1040
CCMD-BTR01,DR-drr18-247
CCMD-BTR01,DR-drr18-248
CCMD-BTR01,DR-drr18-249
GSC-BVZ01,DR-drr18-192
GSC-BVZ01,DR-drr18-190
GSC-BVZ01,DR-drr18-191
GSC-BVZ01,DR-drr19-1006
GSC-BVZ01,DR-drr19-1004
GSC-BVZ01,DR-drr19-1005
GSC-BVZ01,DR-dp20-1006
GSC-BVZ01,DR-dp20-1004
GSC-BVZ01,DR-dp20-1005
CHRC-BSC01,DR-drr18-176
CHRC-BSC01,DR-drr18-175
CHRC-BSC01,DR-drr19-1125
CHRC-BSC01,DR-drr19-1124
CH-BSG04,DR-drr18-238
CH-BSG04,DR-drr19-1185
CH-BSG04,DR-dp20-1185
FIN-BUV10,DR-drr18-110
FIN-BUV10,DR-drr19-938
FIN-BUV10,DR-dp20-938
NEB-BTC02,DR-drr18-331
NEB-BTC02,DR-drr18-332
NEB-BXU02,DR-drr19-1036
NEB-BXU02,DR-drr19-1035
NEB-BXU02,DR-dp20-1381
NEB-BXU02,DR-dp20-1382
INDSC-BWU07,DR-drr18-434
CGC-BGB02,DR-drr18-70
CGC-BGB02,DR-drr19-1020
CGC-BGB02,DR-dp20-1020
CGC-BGB01,DR-drr18-70
CGC-BGB01,DR-drr19-1020
CGC-BGB01,DR-dp20-1020
NEB-BTD01,DR-drr18-333
NEB-BTD01,DR-drr18-334
NEB-BXV01,DR-drr19-1038
NEB-BXV01,DR-drr19-1037
NEB-BXV01,DR-dp20-1398
NEB-BXV01,DR-dp20-1399
NEB-BTD02,DR-drr18-333
NEB-BTD02,DR-drr18-334
NEB-BXV02,DR-drr19-1038
NEB-BXV02,DR-drr19-1037
NEB-BXV02,DR-dp20-1398
NEB-BXV02,DR-dp20-1399
SSHRC-BNU01,DR-drr18-5
SSHRC-BNU01,DR-drr19-1069
SSHRC-BNU01,DR-dp20-1069
EC-BGU02,DR-drr18-124
EC-BGU02,DR-drr19-990
EC-BGU02,DR-dp20-990
EC-BGU01,DR-drr18-124
EC-BGU01,DR-drr19-990
EC-BGU01,DR-dp20-990
CI-BGF01,DR-drr18-301
CI-BGF01,DR-drr19-1094
CI-BGF01,DR-dp20-1094
CRTC-BRT03,DR-drr18-452
CRTC-BRT03,DR-drr19-1202
CRTC-BRT03,DR-dp20-1202
INAC-BWM09,DR-dp20-1465
INAC-BWM13,DR-dp20-1465
INAC-BWM03,DR-dp20-1465
FO-BTG04,DR-drr18-287
FO-BTG04,DR-drr19-924
FO-BTG04,DR-dp20-924
FO-BTG03,DR-drr18-287
FO-BTG03,DR-drr19-924
FO-BTG03,DR-dp20-924
FO-BTG02,DR-drr18-287
FO-BTG02,DR-drr19-924
FO-BTG02,DR-dp20-924
FO-BTG01,DR-drr18-287
FO-BTG01,DR-drr19-924
FO-BTG01,DR-dp20-924
CBSA-BUG01,DR-drr18-55
CBSA-BUG01,DR-drr19-1308
CBSA-BUG01,DR-dp20-1308
NR-BTL09,DR-drr18-314
NR-BTL09,DR-drr19-963
NR-BTL09,DR-dp20-963
NR-BTL08,DR-drr18-314
NR-BTL08,DR-drr19-963
NR-BTL08,DR-dp20-963
FCAC-BUT01,DR-drr18-422
FCAC-BUT01,DR-drr18-423
FCAC-BUT01,DR-drr19-422
FCAC-BUT01,DR-drr19-423
FCAC-BUT01,DR-dp20-422
FCAC-BUT01,DR-dp20-423
CRTC-BRT02,DR-drr18-451
CRTC-BRT02,DR-drr19-1201
CRTC-BRT02,DR-dp20-1201
TC-BTX04,DR-drr18-440
TC-BTX04,DR-drr19-1195
TC-BTX04,DR-dp20-1195
VAC-BWK01,DR-drr18-279
VAC-BWK01,DR-drr18-280
VAC-BWK01,DR-drr19-1153
VAC-BWK01,DR-drr19-1152
VAC-BWK01,DR-dp20-1417
VAC-BWK01,DR-dp20-1420
INDSC-BXM09,DR-dp20-1328
INDSC-BXM09,DR-drr19-1328
TBC-BXA01,DR-drr18-155
TBC-BXA01,DR-drr19-1258
TBC-BXA01,DR-dp20-1258
TBC-BXA02,DR-drr18-155
TBC-BXA02,DR-drr19-1258
TBC-BXA02,DR-dp20-1258
MPCC-BVJ01,DR-drr18-200
MPCC-BVJ01,DR-drr18-199
MPCC-BVJ01,DR-drr18-201
MPCC-BVJ01,DR-drr19-1208
MPCC-BVJ01,DR-drr19-1209
MPCC-BVJ01,DR-drr19-1207
MPCC-BVJ01,DR-dp20-1208
MPCC-BVJ01,DR-dp20-1209
MPCC-BVJ01,DR-dp20-1207
NFB-BSP02,DR-drr18-377
NFB-BSP02,DR-drr18-376
NFB-BSP02,DR-drr19-1245
NFB-BSP02,DR-drr19-1244
NFB-BSP02,DR-dp20-1245
NFB-BSP02,DR-dp20-1244
NFB-BSP01,DR-drr18-377
NFB-BSP01,DR-drr18-376
NFB-BSP01,DR-drr18-375
NFB-BSP01,DR-drr19-1245
NFB-BSP01,DR-drr19-1244
NFB-BSP01,DR-drr19-1243
NFB-BSP01,DR-dp20-1245
NFB-BSP01,DR-dp20-1244
NFB-BSP01,DR-dp20-1243
INVIC-BCZ01,DR-dp20-1454
INAC-BWM01,DR-drr18-307
INAC-BWM01,DR-drr19-956
CBSA-BUF08,DR-drr18-53
CBSA-BUF08,DR-drr19-1306
CBSA-BUF08,DR-dp20-1306
CBSA-BUF07,DR-drr18-53
CBSA-BUF07,DR-drr19-1306
CBSA-BUF07,DR-dp20-1306
CHRC-BSC01,DR-dp20-1426
OCOL-BGI01,DR-drr18-209
OCOL-BGI01,DR-drr18-210
OCOL-BGI01,DR-drr19-1223
OCOL-BGI01,DR-drr19-1222
OCOL-BGI01,DR-dp20-1223
OCOL-BGI01,DR-dp20-1222
ND-BUN02,DR-drr18-338
ND-BUN02,DR-drr19-1278
ND-BUN02,DR-dp20-1278
CBSA-BUF09,DR-drr18-54
CBSA-BUF09,DR-drr19-1307
CBSA-BUF09,DR-dp20-1307
INDSC-BWT01,DR-drr18-429
INDSC-BWT06,DR-drr18-429
PHAC-BVR02,DR-drr18-270
PHAC-BVR02,DR-drr19-1166
PHAC-BVR02,DR-dp20-1166
TBC-BXB10,DR-drr19-1264
TBC-BXB10,DR-dp20-1264
TBC-BXB01,DR-drr18-162
TBC-BXB01,DR-drr18-160
TBC-BXB01,DR-drr19-1264
TBC-BXB01,DR-drr19-1263
TBC-BXB01,DR-dp20-1264
TBC-BXB01,DR-dp20-1263
CSC-BUL04,DR-drr18-1337
CSC-BUL04,DR-drr19-1338
CSC-BUL04,DR-dp20-1340
CSC-BUL01,DR-drr18-1337
CSC-BUL01,DR-drr19-1338
CSC-BUL01,DR-dp20-1340
CSC-BUL03,DR-drr18-1337
CSC-BUL03,DR-drr19-1338
CSC-BUL03,DR-dp20-1340
CSC-BUL02,DR-drr18-1337
CSC-BUL02,DR-drr19-1338
CSC-BUL02,DR-dp20-1340
LDC-BXK01,DR-drr19-1333
TC-BTY03,DR-drr18-443
TC-BTY03,DR-drr19-1198
TC-BTY03,DR-dp20-1198
CH-BSF01,DR-drr18-235
CH-BSF01,DR-drr18-233
CH-BSF01,DR-drr18-234
CH-BSF01,DR-drr19-1182
CH-BSF01,DR-drr19-1180
CH-BSF01,DR-drr19-1181
CH-BSF01,DR-dp20-1182
CH-BSF01,DR-dp20-1180
CH-BSF01,DR-dp20-1181
INDSC-BXP12,DR-dp20-1458
CH-BSH01,DR-drr18-242
CH-BSH01,DR-drr18-241
CH-BSH01,DR-drr19-1189
CH-BSH01,DR-drr19-1188
CH-BSH01,DR-dp20-1189
CH-BSH01,DR-dp20-1188
AECB-BTJ04,DR-drr18-395
AECB-BTJ04,DR-drr19-1079
AECB-BTJ04,DR-dp20-1079
NBC-BFY01,DR-drr18-305
NBC-BFY01,DR-drr18-304
NBC-BFY01,DR-drr19-1137
NBC-BFY01,DR-drr19-1138
NBC-BFY01,DR-dp20-1137
NBC-BFY01,DR-dp20-1138
ND-BUR05,DR-drr18-352
ND-BUR05,DR-drr19-1291
ND-BUR05,DR-dp20-1291
TBC-BXB05,DR-drr19-1263
TBC-BXB05,DR-dp20-1263
CBSA-BUG03,DR-drr18-57
CBSA-BUG03,DR-drr19-1310
CBSA-BUG03,DR-dp20-1310
CAS-BEG03,DR-drr18-194
CAS-BEG03,DR-drr19-1027
CAS-BEG03,DR-dp20-1027
CAS-BEG02,DR-drr18-194
CAS-BEG02,DR-drr19-1027
CAS-BEG02,DR-dp20-1027
ND-BUP02,DR-drr18-342
ND-BUP02,DR-drr19-1281
ND-BUP02,DR-dp20-1281
SWC-BWH02,DR-drr18-244
SWC-BXR02,DR-drr19-1071
SWC-BXR02,DR-dp20-1071
SWC-BWH01,DR-drr18-244
SWC-BWH01,DR-drr18-245
SWC-BXR01,DR-drr19-1071
SWC-BXR01,DR-drr19-1070
SWC-BXR01,DR-dp20-1071
SWC-BXR01,DR-dp20-1070
JUS-BNY01,DR-drr18-203
JUS-BNY01,DR-drr19-1108
JUS-BNY01,DR-dp20-1108
NFB-BSP03,DR-drr18-375
NFB-BSP03,DR-drr18-378
NFB-BSP03,DR-drr19-1243
NFB-BSP03,DR-drr19-1246
NFB-BSP03,DR-dp20-1243
NFB-BSP03,DR-dp20-1246
FTRAC-BUX01,DR-dp20-1384
CH-BSD01,DR-drr18-226
CH-BSD01,DR-drr18-227
CH-BSD01,DR-drr19-1173
CH-BSD01,DR-drr19-1174
CH-BSD01,DR-dp20-1173
CH-BSD01,DR-dp20-1174
NEB-BTC01,DR-drr18-332
NEB-BTC01,DR-drr18-330
NEB-BXU01,DR-drr19-1035
NEB-BXU01,DR-drr19-1034
NEB-BXU01,DR-dp20-1382
NEB-BXU01,DR-dp20-1034
VRAB-BWL01,DR-drr18-262
VRAB-BWL01,DR-drr18-263
VRAB-BWL01,DR-drr19-1082
VRAB-BWL01,DR-drr19-1081
VRAB-BWL01,DR-dp20-1082
VRAB-BWL01,DR-dp20-1081
INDSC-BWU08,DR-drr18-432
FO-BTF07,DR-drr18-284
FO-BTF07,DR-drr19-921
FO-BTF07,DR-dp20-921
ND-BUP06,DR-drr18-345
ND-BUP06,DR-drr19-1282
ND-BUP06,DR-dp20-1282
SHARE-BWF04,DR-drr18-362
FCAC-BUU01,DR-drr18-424
FCAC-BUU01,DR-drr19-424
FCAC-BUU01,DR-dp20-424
PHAC-BVR03,DR-drr18-271
PHAC-BVR03,DR-drr19-1167
PHAC-BVR03,DR-dp20-1167
CNEDA-BNL04,DR-drr18-198
CNEDA-BNL04,DR-drr19-1295
CNEDA-BNL04,DR-dp20-1295
CRTC-BRT01,DR-drr18-450
CRTC-BRT01,DR-drr19-1200
CRTC-BRT01,DR-dp20-1200
NBC-BFO01,DR-drr18-303
NBC-BFO01,DR-drr19-1136
NBC-BFO01,DR-dp20-1136
CBSA-BUF06,DR-drr18-52
CBSA-BUF06,DR-drr19-1305
CBSA-BUF06,DR-dp20-1305
FO-BTF06,DR-drr18-283
FO-BTF06,DR-drr19-920
FO-BTF06,DR-dp20-920
SHARE-BWD09,DR-drr18-359
SHARE-BWD09,DR-drr19-1234
SHARE-BWD09,DR-dp20-1401
ORL-BVA01,DR-drr18-72
ORL-BVA01,DR-drr18-73
ORL-BVA01,DR-drr19-1048
ORL-BVA01,DR-drr19-1049
INAC-BWR04,DR-dp20-1467
CBSA-BUG02,DR-drr18-56
CBSA-BUG02,DR-drr19-1309
CBSA-BUG02,DR-dp20-1309
GSC-BVY08,DR-drr18-188
GSC-BVY08,DR-drr19-1002
GSC-BVY08,DR-dp20-1002
CBSA-BUG04,DR-drr18-58
CBSA-BUG04,DR-drr19-1311
CBSA-BUG04,DR-dp20-1311
FTRAC-BUW01,DR-drr18-408
FTRAC-BUW01,DR-drr19-1319
FTRAC-BUW01,DR-dp20-1396
