"dept_code","activity_code","pa_last_year_5","pa_last_year_4","pa_last_year_3","pa_last_year_2","pa_last_year","pa_last_year_planned","planning_year_1","planning_year_2","planning_year_3"
"ACOA","ABH00",208,218,217,,,,,,
"ACOA","ABK00",102,102,94,,,,,,
"ACOA","ABR00",64,67,65,,,,,,
"ACOA","BED01",,,,39,32,32,32,32,32
"ACOA","BED02",,,,71,74,81,76,76,76
"ACOA","BED03",,,,56,57,41,57,57,57
"ACOA","BED04",,,,15,14,32,14,14,14
"ACOA","BED05",,,,92,93,81,93,93,93
"ACOA","BED06",,,,40,40,49,41,41,41
"ACOA","BED07",,,,65,68,66,68,68,68
"ACOA","ISC00",199,195,195,,,,,,
"ACOA","ISS00",,,,194,197,196,196,196,196
"AECB","BTJ01",,,,81,77,87,82,83,82
"AECB","BTJ02",,,,301,294,302,293,287,287
"AECB","BTJ03",,,,85,81,89,88,88,88
"AECB","BTJ04",,,,31,31,33,32,32,32
"AECB","BTJ05",,,,127,122,128,123,122,121
"AECB","DAI00",64,71,62,,,,,,
"AECB","DAJ00",257,261,278,,,,,,
"AECB","DAK00",83,85,78,,,,,,
"AECB","DAL00",38,31,29,,,,,,
"AECB","DAM00",145,128,138,,,,,,
"AECB","ISC00",221,247,269,,,,,,
"AECB","ISS00",,,,293,281,296,287,286,286
"AECL","ATV00",,,,,,,,,
"AECL","BAA00",,,,,,,,,
"AECL","BAB00",,,,,,,,,
"AGR","AAA00",361,367,350,,,,,,
"AGR","AAB00",33,32,31,,,,,,
"AGR","AAH00",25,24,18,,,,,,
"AGR","ABG00",2439,2526,2594,,,,,,
"AGR","ABQ00",203,156,117,,,,,,
"AGR","BWN01",,,,183,191,185,190,190,190
"AGR","BWN02",,,,184,181,185,179,179,179
"AGR","BWN03",,,,17,19,22,19,19,19
"AGR","BWN04",,,,46,49,50,51,38,0
"AGR","BWN05",,,,31,35,31,35,35,35
"AGR","BWN06",,,,36,34,37,37,37,37
"AGR","BWN07",,,,5,4,4,4,4,4
"AGR","BWN08",,,,15,,,,,
"AGR","BWN09",,,,,,,19,19,17
"AGR","BWO01",,,,2404,2408,2495,2404,2404,2404
"AGR","BWO02",,,,175,188,157,184,184,184
"AGR","BWO03",,,,20,20,21,20,20,20
"AGR","BWO04",,,,10,8,11,8,8,8
"AGR","BWO05",,,,10,9,12,8,8,8
"AGR","BWO06",,,,14,17,15,17,13,13
"AGR","BWP01",,,,153,156,159,162,162,162
"AGR","BWP02",,,,127,125,122,122,122,122
"AGR","BWP03",,,,3,4,3,4,4,4
"AGR","BWP04",,,,19,23,19,24,24,24
"AGR","BWP05",,,,11,7,11,6,6,6
"AGR","BWP06",,,,33,30,34,31,31,31
"AGR","BWP07",,,,14,14,15,15,15,15
"AGR","BWP08",,,,58,58,60,57,57,57
"AGR","BWP09",,,,17,19,17,18,18,18
"AGR","BWP10",,,,7,7,8,6,6,6
"AGR","BWP11",,,,0,0,0,0,0,0
"AGR","CMA00",396,400,451,,,,,,
"AGR","ISC00",1056,1089,1112,,,,,,
"AGR","ISS01",,,,294,306,299,304,304,304
"AGR","ISS02",,,,92,93,98,94,94,94
"AGR","ISS03",,,,6,5,9,5,5,5
"AGR","ISS04",,,,190,211,190,217,217,217
"AGR","ISS05",,,,188,226,203,224,224,224
"AGR","ISS06",,,,124,128,135,129,129,129
"AGR","ISS07",,,,171,182,198,175,175,175
"AGR","ISS08",,,,42,51,42,52,52,52
"AGR","ISS09",,,,1,1,1,1,1,1
"AGR","ISS0Z",,,,16,16,17,16,16,16
"ATSSC","BEE01",,,,153,154,169,192,192,192
"ATSSC","BEE02",,,,49,53,50,54,54,54
"ATSSC","BEE03",,,,274,289,277,262,262,262
"ATSSC","CHC00",191,203,206,,,,,,
"ATSSC","CHD00",164,154,150,,,,,,
"ATSSC","CHE00",129,110,111,,,,,,
"ATSSC","ISC00",119,131,137,,,,,,
"ATSSC","ISS00",,,,133,153,147,152,152,152
"CAS","ARW00",185,182,182,,,,,,
"CAS","ARX00",280,290,278,,,,,,
"CAS","BEG01",,,,175,186,184,197,191,191
"CAS","BEG02",,,,302,335,328,329,322,322
"CAS","BEG03",,,,0,0,0,2,2,2
"CAS","BEG04",,,,33,38,34,38,38,38
"CAS","ISC00",155,165,153,,,,,,
"CAS","ISS00",,,,168,197,179,198,195,195
"CASDO","BXZ01",,,,,,,18,22,22
"CASDO","BXZ02",,,,,,,13,16,16
"CASDO","ISS00",,,,,,,15,17,18
"CATSA","BEO00",,,,,,,,,
"CATSA","BIY00",,,,,,,,,
"CB","AOJ00",16,14,15,,,,,,
"CB","BEZ01",,,,15,20,23,21,21,21
"CB","ISC00",2,2,3,,,,,,
"CB","ISS00",,,,3,3,3,4,4,4
"CBC","ACH00",,,,,,,,,
"CBC","BFD00",,,,,,,,,
"CBSA","AWZ00",1183,1239,1245,,,,,,
"CBSA","AXB00",7449,7240,7169,,,,,,
"CBSA","AXE00",411,419,389,,,,,,
"CBSA","AXI00",766,763,723,,,,,,
"CBSA","AXJ00",110,102,99,,,,,,
"CBSA","BUF01",,,,321,339,377,369,370,363
"CBSA","BUF02",,,,575,561,720,724,715,718
"CBSA","BUF03",,,,130,143,88,162,136,135
"CBSA","BUF04",,,,4836,5029,5075,5344,5208,5144
"CBSA","BUF05",,,,3129,3200,3049,3146,3016,3015
"CBSA","BUF06",,,,74,81,114,119,119,119
"CBSA","BUF07",,,,259,197,328,198,197,196
"CBSA","BUF08",,,,96,92,73,83,82,82
"CBSA","BUF09",,,,120,130,135,139,140,132
"CBSA","BUF10",,,,376,417,358,410,399,381
"CBSA","BUF11",,,,90,132,114,131,113,112
"CBSA","BUF12",,,,122,134,120,134,130,127
"CBSA","BUG01",,,,493,489,401,551,488,478
"CBSA","BUG02",,,,128,146,178,168,171,153
"CBSA","BUG03",,,,336,376,260,464,397,370
"CBSA","BUG04",,,,281,340,216,420,456,344
"CBSA","BUG05",,,,303,314,323,377,375,388
"CBSA","HGB00",259,287,290,,,,,,
"CBSA","HGC00",1088,1079,1114,,,,,,
"CBSA","ISC00",2508,2411,2499,,,,,,
"CBSA","ISS01",,,,563,630,596,558,562,549
"CBSA","ISS02",,,,110,131,109,106,105,105
"CBSA","ISS03",,,,9,10,5,6,6,6
"CBSA","ISS04",,,,610,614,635,553,559,558
"CBSA","ISS05",,,,236,240,249,239,242,233
"CBSA","ISS06",,,,56,46,65,66,71,70
"CBSA","ISS07",,,,439,445,431,341,347,346
"CBSA","ISS08",,,,184,151,153,128,127,127
"CBSA","ISS09",,,,28,37,24,26,26,26
"CBSA","ISS0Z",,,,52,51,49,73,71,71
"CC","ACF00",,,,,,,,,
"CC","BFJ00",,,,,,,,,
"CCC","AQS00",,,,,,,,,
"CCMD","BTR01",,,,500,514,512,517,517,517
"CCMD","DAS00",474,428,421,,,,,,
"CCMD","ISC00",210,153,159,,,,,,
"CCMD","ISS00",,,,164,182,168,182,182,182
"CCOHS","AMH00",65,65,65,,,,,,
"CCOHS","BFZ01",,,,63,62.3,68,71,71,71
"CCOHS","ISC00",20,18,18,,,,,,
"CCOHS","ISS00",,,,18,21,22,24,24,24
"CCRA","ABW00",1671,1748,,,,,,,
"CCRA","ABX00",5967,4330,,,,,,,
"CCRA","ABY00",1287,1299,,,,,,,
"CCRA","ABZ00",3924,4160,,,,,,,
"CCRA","ACB00",7653,9659,,,,,,,
"CCRA","ACC00",9766,9632,,,,,,,
"CCRA","ACD00",21,25,,,,,,,
"CCRA","BRA01",,,7225,7706,8786,7842,8039,8015,7892
"CCRA","BRA02",,,4931,5262,5287,5531,5635,5655,5630
"CCRA","BRA03",,,5143,5437,5903,5856,5940,5937,5778
"CCRA","BRA04",,,6804,6963,7294,7181,7275,7257,7220
"CCRA","BRA05",,,2885,2999,3251,3416,3547,3549,3519
"CCRA","BRA06",,,1574,1530,1551,1618,1523,1612,1610
"CCRA","BRA07",,,249,247,266,272,211,245,245
"CCRA","BRA08",,,134,150,150,137,121,105,105
"CCRA","BRA09",,,315,305,363,370,373,369,362
"CCRA","BRA10",,,137,141,196,201,209,207,207
"CCRA","BRA11",,,1002,1049,1220,1350,1446,1453,1143
"CCRA","BRB01",,,1253,1135,1302,1627,1433,1422,1421
"CCRA","BRC01",,,25,29,38,31,33,32,32
"CCRA","ISC00",7688,7875,,,,,,,
"CCRA","ISS01",,,1092,1087,1177,1147,1151,1158,1143
"CCRA","ISS02",,,437,439,261,312,290,289,279
"CCRA","ISS03",,,29,26,26,28,27,27,27
"CCRA","ISS04",,,1194,1200,1260,1126,1117,1118,1099
"CCRA","ISS05",,,597,609,632,744,713,712,711
"CCRA","ISS06",,,398,373,210,272,260,260,260
"CCRA","ISS07",,,3730,3767,1955,2084,1799,1789,1777
"CCRA","ISS08",,,179,232,236,242,245,245,245
"CCRA","ISS09",,,342,301,302,316,314,314,314
"CCRA","ISS0Z",,,90,88,87,93,89,89,89
"CDC","AAL00",,,,,,,,,
"CDC","BGA00",,,,,,,,,
"CEAA","AGG00",125,164,184,,,,,,
"CEAA","AGH00",41,59,42,,,,,,
"CEAA","BGV01",,,,63,106,107,105,99,100
"CEAA","BGV02",,,,189,229,264,268,270,270
"CEAA","ISC00",70,42,45,,,,,,
"CEAA","ISS00",,,,57,70,75,74,73,73
"CEO","BGG01",,,,238,399,434,202,194,198
"CEO","BGG02",,,,82,83,84,105,135,106
"CEO","BGG03",,,,98,120,105,85,85,97
"CEO","BGG04",,,,84,154,168,110,101,102
"CEO","BXX01",,,,,,,48,48,48
"CEO","HGG00",444,262,277,,,,,,
"CEO","HGI00",81,87,79,,,,,,
"CEO","HGJ00",68,71,72,,,,,,
"CEO","ISC00",131,143,178,,,,,,
"CEO","ISS00",,,,216,239,229,244,247,247
"CFDC","AFB00",,,,,,,,,
"CFDC","AFF00",,,,,,,,,
"CFDC","BSQ00",,,,,,,,,
"CFDC","BSR00",,,,,,,,,
"CFDC","ISC00",,,,,,,,,
"CFDC","ISS00",,,,,,,,,
"CFGB","ATA00",29.3,29,26,,,,,,
"CFGB","BUZ01",,,,27,30,34,35,37,37
"CFGB","ISC00",14,12,10,,,,,,
"CFGB","ISS00",,,,12,15,14,15,14,14
"CFIA","AAQ00",3155,3220,3265,,,,,,
"CFIA","AJY00",959,975,1001,,,,,,
"CFIA","AJZ00",703,695,706,,,,,,
"CFIA","BUH01",,,,152,145,150,150,150,150
"CFIA","BUH02",,,,16,17,16,16,16,16
"CFIA","BUH03",,,,374,366,365,369,369,369
"CFIA","BUH04",,,,250,244,251,251,251,251
"CFIA","BUH05",,,,239,232,240,240,240,240
"CFIA","BUH06",,,,63,60,61,61,61,61
"CFIA","BUH07",,,,482,474,345,445,445,445
"CFIA","BUH08",,,,238,219,168,226,226,226
"CFIA","BUH09",,,,444,462,456,456,413,413
"CFIA","BUH10",,,,128,130,126,126,105,105
"CFIA","BUH11",,,,2244,2203,2071,2214,2172,2174
"CFIA","BUH12",,,,408,393,318,385,318,318
"CFIA","BUH13",,,,29,44,30,30,30,30
"CFIA","BUH14",,,,53,35,55,58,24,24
"CFIA","BUH15",,,,67,73,50,62,62,62
"CFIA","HGA00",307,295,319,,,,,,
"CFIA","ISC00",777,916,980,,,,,,
"CFIA","ISS01",,,,135,125,147,147,147,147
"CFIA","ISS02",,,,95,96,89,89,89,89
"CFIA","ISS03",,,,9,7,12,12,12,12
"CFIA","ISS04",,,,270,267,260,260,260,260
"CFIA","ISS05",,,,144,145,146,146,146,146
"CFIA","ISS06",,,,47,41,43,43,43,43
"CFIA","ISS07",,,,184,195,155,155,155,155
"CFIA","ISS08",,,,63,61,58,58,58,58
"CFIA","ISS09",,,,9,6,10,10,10,10
"CFIA","ISS0Z",,,,18,16,20,20,20,20
"CGC","AAW00",45,48,52,,,,,,
"CGC","AAZ00",215,219,224,,,,,,
"CGC","ABB00",14,16,13,,,,,,
"CGC","ABD00",30,33,37,,,,,,
"CGC","BGB01",,,,228,227,234,234,234,234
"CGC","BGB02",,,,58,56,57,57,57,57
"CGC","BGB03",,,,39,39,39,38,38,38
"CGC","ISC00",91,110,117,,,,,,
"CGC","ISS00",,,,118,125,120,121,121,121
"CH","ACR00",109.9,95.4,93.9,,,,,,
"CH","ACS00",128.27,136.6,140.5,,,,,,
"CH","ACU00",233.4,238,247.7,,,,,,
"CH","ADA00",127.75,121,125.2,,,,,,
"CH","ADB00",207.6,208.6,210.7,,,,,,
"CH","ADM00",126.5,128.7,203,,,,,,
"CH","ADN00",151.6,146.5,143.9,,,,,,
"CH","AFQ00",10,22.1,,,,,,,
"CH","BSD01",,,,148.8,145.4,140.1,148,148,148
"CH","BSD02",,,,126.3,134.7,129.2,138,138,138
"CH","BSD03",,,,151.6,143.8,144.8,145,143,143
"CH","BSE01",,,,156.9,131.1,148.4,131,130,130
"CH","BSE02",,,,56.7,54,53.2,56,56,56
"CH","BSE03",,,,126.1,126.9,125.1,134,135,135
"CH","BSE04",,,,7,7.4,7.7,6,6,6
"CH","BSF01",,,,104.8,103.5,122.2,104,104,104
"CH","BSG01",,,,63.3,77.9,71.9,89,85,79
"CH","BSG02",,,,12.1,12.1,11.8,14,9,9
"CH","BSG03",,,,44.9,48.4,49.8,54,54,54
"CH","BSG04",,,,20,25.7,20.2,28,28,28
"CH","BSH01",,,,151.4,150.8,150.7,157,157,157
"CH","ISC00",649,643.6,655.3,,,,,,
"CH","ISS01",,,,252.7,259.2,263.1,273,273,273
"CH","ISS02",,,,102.2,100.1,105.7,106,105,105
"CH","ISS03",,,,4.8,4.5,4.7,4,4,4
"CH","ISS04",,,,100.8,101.5,99.7,100,100,100
"CH","ISS05",,,,65.7,64.8,65.4,65,65,65
"CH","ISS06",,,,25.2,18.8,25,18,18,18
"CH","ISS07",,,,101.2,91.4,102,94,94,94
"CH","ISS08",,,,23.4,26.1,24.8,30,30,30
"CH","ISS09",,,,3.2,6.1,6.8,6,6,6
"CH","ISS0Z",,,,13.8,9.1,10.2,9,9,9
"CHRC","BSA01",,,30,24,25,29,38,38,29
"CHRC","BSB01",,,71,86,86,75,85,85,85
"CHRC","BSC01",,,10,9,16,11,36,51,74
"CHRC","DAR00",117,113,,,,,,,
"CHRC","ISC00",70,67,,,,,,,
"CHRC","ISS00",,,69,82,80,76,97,97,97
"CI","AFP00",415,588,651,,,,,,
"CI","AFV00",70,79,77,,,,,,
"CI","AFW00",887,1007,1039,,,,,,
"CI","BGD01",,,,799,770,654,719,630,630
"CI","BGD02",,,,220,269,170,215,180,175
"CI","BGD03",,,,419,529,504,513,469,460
"CI","BGE01",,,,460,565,643,642,642,644
"CI","BGE02",,,,295,266,293,286,286,319
"CI","BGE03",,,,709,700,733,759,764,764
"CI","BGE04",,,,151,169,161,161,160,160
"CI","BGE05",,,,260,309,211,207,205,205
"CI","BGE06",,,,502,650,423,891,698,675
"CI","BGE07",,,,330,361,343,358,354,350
"CI","BGF01",,,,805,823,814,852,861,886
"CI","BGF02",,,,770,859,778,922,874,727
"CI","COA00",674,619,676,,,,,,
"CI","ISC00",1428,1576,1654,,,,,,
"CI","ISS01",,,,513,428,406,375,375,358
"CI","ISS02",,,,143,151,139,144,140,140
"CI","ISS03",,,,10,45,11,60,60,60
"CI","ISS04",,,,308,322,290,311,300,295
"CI","ISS05",,,,249,274,273,286,284,282
"CI","ISS06",,,,55,72,76,76,76,76
"CI","ISS07",,,,329,396,363,355,360,360
"CI","ISS08",,,,59,58,61,67,67,61
"CI","ISS09",,,,15,14,15,15,15,15
"CI","ISS0Z",,,,13,8,17,17,17,17
"CI","LJI00",491,457,519,,,,,,
"CI","LJV00",376,335,380,,,,,,
"CI","LJW00",475,417,440,,,,,,
"CI","LJX00",319,356,354,,,,,,
"CI","LJY00",1000,844,844,,,,,,
"CI","LJZ00",33,33,54,,,,,,
"CI","X0001",23,,,,,,,,
"CICS","AVS00",22,23,22,,,,,,
"CICS","BWV01",,,,20,22,25,25,25,25
"CICS","ISC00",9,8,7,,,,,,
"CICS","ISS00",,,,6,8,7,7,7,7
"CIHR","BDW00",208,117,130,,,,,,
"CIHR","BDX00",113,110,125,,,,,,
"CIHR","BUI01",,,,72,74,73,86,85,85
"CIHR","BUI02",,,,34,36,35,36,35,35
"CIHR","BUI03",,,,123,142,128,135,134,134
"CIHR","ISC00",82,198,205,,,,,,
"CIHR","ISS01",,,,58,78,60,74,71,69
"CIHR","ISS02",,,,40,38,38,38,38,38
"CIHR","ISS03",,,,2,1,1,1,1,1
"CIHR","ISS04",,,,23,25,21,24,24,22
"CIHR","ISS05",,,,25,27,30,27,25,25
"CIHR","ISS06",,,,12,15,11,11,11,11
"CIHR","ISS07",,,,60,45,71,50,48,48
"CIHR","ISS08",,,,6,6,5,6,6,6
"CIHR","ISS09",,,,2,2,2,2,2,2
"CIHR","ISS0Z",,,,4,3,3,4,4,4
"CMC","ACT00",,,,,,,,,
"CMC","BRI00",,,,,,,,,
"CMHC","ALQ00",,,,,,,,,
"CMHC","ALW00",,,,,,,,,
"CMHC","BGJ00",,,,,,,,,
"CMHC","BGK00",,,,,,,,,
"CMHC","BGL00",,,,,,,,,
"CMHC","CDA00",,,,,,,,,
"CMHC","CDB00",,,,,,,,,
"CMHC","CDC00",,,,,,,,,
"CMHR","ACW00",,,,,,,,,
"CMHR","BRL00",,,,,,,,,
"CMI","ADT00",,,,,,,,,
"CMI","BRN00",,,,,,,,,
"CMN","ACV00",,,,,,,,,
"CMN","BRQ00",,,,,,,,,
"CNEDA","BNL01",,,,13,27,13,26,26,26
"CNEDA","BNL02",,,,16,17,16,30,32,32
"CNEDA","BNL03",,,,14,17,14,16,17,17
"CNEDA","BNL04",,,,8,12,14,15,15,15
"CNEDA","CLA00",26,29,29,,,,,,
"CNEDA","CLB00",26,26,24,,,,,,
"CNEDA","ISC00",28,27,26,,,,,,
"CNEDA","ISS00",,,,28,26,17,25,26,26
"CNMI","BJC00",,,,,,,,,
"CNMI","BTV00",,,,,,,,,
"CPC","ABU00",,,,,,,,,
"CPC","BUD00",,,,,,,,,
"CPCC","AMW00",19,,,,,,,,
"CPCC","BWX01",,,,22,25,18,29,29,29
"CPCC","BWX02",,,,11,11,10,19,19,19
"CPCC","DAT00",14,15,19,,,,,,
"CPCC","DAU00",6,14,12,,,,,,
"CPCC","ISC00",8,14,24,,,,,,
"CPCC","ISS00",,,,34,42,34,57,57,57
"CRTC","BRT01",,,,114,120,115,123,123,123
"CRTC","BRT02",,,,135,155,189,177,177,177
"CRTC","BRT03",,,,81,90,85,94,94,94
"CRTC","CAA00",118,115,110,,,,,,
"CRTC","CAB00",139,133,130,,,,,,
"CRTC","CPA00",80,83,80,,,,,,
"CRTC","ISC00",113,129,129,,,,,,
"CRTC","ISS00",,,,124,134,138,142,141,141
"CSA","ANW00",87.2,105.9,114.6,,,,,,
"CSA","ANX00",102.6,104.6,105.9,,,,,,
"CSA","ANY00",154.8,151.1,166.8,,,,,,
"CSA","BLM01",,,,172.9,173.9,169.4,165,165,163
"CSA","BLM02",,,,101.5,97.1,108.6,112,111,109
"CSA","BLM03",,,,115.6,116.6,121.9,125,125,128
"CSA","ISC00",246.8,252.4,266.7,,,,,,
"CSA","ISS01",,,,83.3,84.32,86.3,94,94,93
"CSA","ISS02",,,,32.8,33.04,33.6,34,31,31
"CSA","ISS03",,,,0.1,0.21,0,0,0,0
"CSA","ISS04",,,,38.6,40.72,33.7,41,43,42
"CSA","ISS05",,,,37.8,38.94,39.6,42,42,42
"CSA","ISS06",,,,22.8,19.88,43.3,22,23,23
"CSA","ISS07",,,,33.5,35.17,19.6,34,34,34
"CSA","ISS08",,,,25,25.4,27.4,22,21,22
"CSA","ISS09",,,,4.7,5.09,4.2,4,4,4
"CSA","ISS0Z",,,,6.8,7.13,7,10,10,10
"CSC","BER00",10603,10432.97,10366,,,,,,
"CSC","BES00",4030,4057.41,4112,,,,,,
"CSC","BET00",220,225.45,212,,,,,,
"CSC","BUJ01",,,,938,959,925,937,937,937
"CSC","BUJ02",,,,6547,6438,6630,6631,6700,6776
"CSC","BUJ03",,,,91,86,91,90,90,90
"CSC","BUJ04",,,,750,769,759,778,778,778
"CSC","BUJ05",,,,660,682,666,689,782,872
"CSC","BUJ06",,,,433,438,431,432,432,432
"CSC","BUJ07",,,,942,971,956,964,964,964
"CSC","BUK01",,,,2326,2371,2324,2376,2391,2408
"CSC","BUK02",,,,79,79,78,78,78,78
"CSC","BUK03",,,,17,17,17,19,19,19
"CSC","BUK04",,,,1,1,1,1,4,8
"CSC","BUK05",,,,116,115,110,,,
"CSC","BUK06",,,,549,567,553,,,
"CSC","BUK07",,,,128,128,132,,,
"CSC","BUK08",,,,155,167,154,183,185,188
"CSC","BUK09",,,,620,642,624,681,681,681
"CSC","BUK10",,,,206,223,209,239,242,246
"CSC","BUK11",,,,,,,829,833,837
"CSC","BUL01",,,,120,119,119,120,120,120
"CSC","BUL02",,,,1,0,1,0,0,0
"CSC","BUL03",,,,3,8,4,8,8,8
"CSC","BUL04",,,,104,104,105,105,105,105
"CSC","ISC00",2613,2505.29,2536,,,,,,
"CSC","ISS01",,,,728,744,735,736,736,736
"CSC","ISS02",,,,55,57,54,57,57,57
"CSC","ISS03",,,,7,8,7,8,8,8
"CSC","ISS04",,,,692,779,686,730,728,726
"CSC","ISS05",,,,396,393,397,409,409,409
"CSC","ISS06",,,,49,40,50,36,36,36
"CSC","ISS07",,,,458,498,457,489,489,489
"CSC","ISS08",,,,5,4,5,5,5,5
"CSC","ISS09",,,,114,109,111,108,108,108
"CSC","ISS0Z",,,,76,82,75,81,81,81
"CSEC","BNE00",,,,,,,,,
"CSEC","BNF00",,,,,,,,,
"CSEC","BUM00",,,,,,,,,
"CSEC","BUM01",,,,,,,,,
"CSEC","BUM02",,,,,,,,,
"CSIS","AXF00",,,,,,,,,
"CSIS","BJR00",,,,,,,,,
"CSIS","BUY00",,,,,,,,,
"CTA","BAN00",91,90,91,,,,,,
"CTA","BAO00",74,72,80,,,,,,
"CTA","BTT01",,,,39,46,50,48,45,44
"CTA","BTT02",,,,91,108,69,88,83,80
"CTA","BTT03",,,,68,69,79,69,64,63
"CTA","ISC00",64,58,55,,,,,,
"CTA","ISS00",,,,60,63,72,57,53,52
"CTAIB","AVX00",90,89,,,,,,,
"CTAIB","AVY00",35,36,,,,,,,
"CTAIB","AVZ00",2,3,,,,,,,
"CTAIB","AWC00",37,40,,,,,,,
"CTAIB","BWA01",,,90,87,100,92,95,95,95
"CTAIB","BWA02",,,38,36,34,39,40,40,40
"CTAIB","BWA03",,,38,37,35,38,4,4,4
"CTAIB","BWA04",,,3,3,4,3,38,38,38
"CTAIB","ISC00",45,46,,,,,,,
"CTAIB","ISS00",,,45,46,47,50,50,50,50
"EA","AJG00",1644,1636,1811,,,,,,
"EA","AJK00",4287,4294,4371,,,,,,
"EA","AJL00",371,420,440,,,,,,
"EA","AJP00",816,809,811,,,,,,
"EA","AJQ00",1311,1338,1359,,,,,,
"EA","AJR00",53,49,47,,,,,,
"EA","BVB01",,,,277,194,227,227,207,201
"EA","BVB02",,,,37,,,,,
"EA","BVB03",,,,145,155,158,166,164,163
"EA","BVB04",,,,60,65,68,65,65,65
"EA","BVB05",,,,59,61,64,62,62,62
"EA","BVB06",,,,524,589,588,556,556,556
"EA","BVB07",,,,479,516,488,496,495,495
"EA","BVB08",,,,365,351,362,360,360,360
"EA","BVB09",,,,84,92,93,94,94,94
"EA","BVB10",,,,38,32,27,29,29,29
"EA","BVB11",,,,11,12,16,,,
"EA","BVB12",,,,13,12,12,,,
"EA","BVB13",,,,24,25,30,,,
"EA","BVB14",,,,21,19,26,,,
"EA","BVB15",,,,13,11,15,,,
"EA","BVB16",,,,52,,,,,
"EA","BVB17",,,,212,115,110,,,
"EA","BVB18",,,,,16,19,,,
"EA","BVB19",,,,,54,54,235,235,235
"EA","BVB20",,,,,,,118,117,116
"EA","BVC01",,,,330,278,281,249,250,250
"EA","BVC02",,,,37,113,114,128,124,124
"EA","BVC03",,,,393,380,357,449,442,442
"EA","BVC04",,,,73,96,71,105,104,104
"EA","BVC05",,,,277,313,283,274,274,274
"EA","BVC06",,,,332,357,338,349,348,348
"EA","BVC07",,,,346,394,399,411,411,411
"EA","BVC08",,,,111,107,108,108,108,108
"EA","BVD01",,,,34,36,35,34,34,34
"EA","BVD02",,,,21,20,21,18,17,17
"EA","BVD03",,,,115,134,139,154,153,153
"EA","BVD04",,,,47,76,59,83,86,88
"EA","BVD05",,,,25,84,76,88,88,69
"EA","BVD06",,,,17,20,18,24,24,24
"EA","BVD07",,,,0,27,26,24,24,24
"EA","BVD08",,,,4,4,3,4,4,4
"EA","BVD09",,,,156,89,89,90,90,90
"EA","BVD10",,,,125,126,125,121,121,121
"EA","BVD11",,,,137,131,140,133,133,133
"EA","BVD12",,,,235,247,253,250,250,250
"EA","BVD13",,,,96,103,104,99,113,116
"EA","BVD14",,,,,,,6,6,6
"EA","BVE01",,,,328,358,367,352,352,350
"EA","BVE02",,,,43,40,44,40,40,40
"EA","BVF01",,,,96,109,110,132,132,132
"EA","BVF02",,,,38,38,38,39,39,39
"EA","BVF03",,,,3816,3658,3644,3375,3375,3375
"EA","BVF04",,,,40,40,48,47,46,46
"EA","BVF05",,,,68,87,94,94,94,94
"EA","BVF06",,,,125,158,158,152,152,152
"EA","BVF07",,,,83,140,145,224,225,225
"EA","BVF08",,,,205,252,237,318,310,306
"EA","DAN00",137,157,173,,,,,,
"EA","DAP00",696,848,835,,,,,,
"EA","DAQ00",40,69,78,,,,,,
"EA","ISC00",1533,1382,1363,,,,,,
"EA","ISS01",,,,369,388,389,410,404,406
"EA","ISS02",,,,210,211,222,208,208,208
"EA","ISS03",,,,20,20,20,22,22,22
"EA","ISS04",,,,333,459,490,372,372,372
"EA","ISS05",,,,322,421,268,399,461,464
"EA","ISS06",,,,46,57,57,63,62,61
"EA","ISS07",,,,117,130,124,85,81,80
"EA","ISS08",,,,76,83,53,76,73,71
"EA","ISS09",,,,0,0,0,0,0,0
"EA","ISS0Z",,,,19,55,35,60,56,54
"EC","AGL00",600,614,635.16,,,,,,
"EC","AGM00",694,602,602.31,,,,,,
"EC","AGR00",1108,1097,1084.69,,,,,,
"EC","AGS00",632,625,641.63,,,,,,
"EC","BDJ00",351,332,335.83,,,,,,
"EC","BDK00",371,416,431.51,,,,,,
"EC","BDO00",336,340,341.87,,,,,,
"EC","BGR01",,,,325,395.43,353.3,358,350,273
"EC","BGR02",,,,48,52.71,50.92,90,90,90
"EC","BGR03",,,,136,145.44,135.09,132,132,126
"EC","BGS01",,,,464,488.32,433.97,452,451,456
"EC","BGS02",,,,611,625.96,558.32,620,620,570
"EC","BGS03",,,,61,61.61,61.76,66,66,66
"EC","BGS04",,,,714,749.52,685.09,721,592,539
"EC","BGS05",,,,346,367.23,321.02,359,338,333
"EC","BGT01",,,,293,360.76,368.46,364,360,358
"EC","BGT02",,,,259,281.16,238.25,273,272,269
"EC","BGT03",,,,167,229.04,203.59,204,212,206
"EC","BGT04",,,,39,36.84,18.48,46,46,46
"EC","BGT05",,,,130,121.69,165.52,184,182,182
"EC","BGT06",,,,138,146.41,123,134,134,134
"EC","BGU01",,,,1329,1358.3,1235.63,1255,1249,1236
"EC","BGU02",,,,298,347.52,307.88,362,364,364
"EC","BIA00",670,727,849.13,,,,,,
"EC","BKF00",131,139,132.68,,,,,,
"EC","ISC00",1429,1433,1475.64,,,,,,
"EC","ISS01",,,,413,425.22,423.87,371,369,366
"EC","ISS02",,,,170,164.76,134.7,139,138,133
"EC","ISS03",,,,12,10.26,11.14,21,21,21
"EC","ISS04",,,,292,309.77,236.73,261,255,250
"EC","ISS05",,,,213,217.08,220.33,227,227,222
"EC","ISS06",,,,75,81.71,68.13,70,70,70
"EC","ISS07",,,,229,250.92,230.03,240,237,233
"EC","ISS08",,,,107,115.26,99.87,113,111,107
"EC","ISS09",,,,39,36.66,31.12,42,42,42
"EC","ISS0Z",,,,35,32.99,31.94,40,37,36
"EDC","AJQ00",,,,,,,,,
"EDC","BXE01",,,,,,,,,
"ERC","BEN00",8,8,7.8,9.72,,,,,
"ERC","BXJ01",,,,,14.9,17,17,7,7
"FBCL","BJG00",,,,,,,,,
"FBCL","BTU00",,,,,,,,,
"FCAC","BUT01",,,,30,36,57,58,60,60
"FCAC","BUU01",,,,33.3,30,36,38,38,38
"FCAC","ISS00",,,,65.2,77,101,109,110,109
"FCAC","SGA00",85,89,105,,,,,,
"FEDSO","BMF00",36,40,36,,,,,,
"FEDSO","BMR00",21,19,19,,,,,,
"FEDSO","BNM01",,,,12,,,,,
"FEDSO","BNM02",,,,8,,,,,
"FEDSO","BNM03",,,,19,,,,,
"FEDSO","BNM04",,,,15,,,,,
"FEDSO","BNM05",,,,18,,,,,
"FEDSO","BNM06",,,,11,,,,,
"FEDSO","BNM07",,,,10,,,,,
"FEDSO","BNM08",,,,8,,,,,
"FEDSO","BNM09",,,,11,,,,,
"FEDSO","BNM10",,,,,94,53,82,85,85
"FEDSO","BNM11",,,,,45,34,47,51,51
"FEDSO","BNM12",,,,,45,29,43,34,34
"FEDSO","HGL00",56,55,62,,,,,,
"FEDSO","ISC00",124,112,116,,,,,,
"FEDSO","ISS00",,,,120,87,124,93,92,92
"FIN","BLH00",437,440,476,,,,,,
"FIN","BLI00",29,28,28,,,,,,
"FIN","BLJ01",0,5,5,0,0,0,,,
"FIN","BLJ02",0,5,5,0,0,0,,,
"FIN","BLJ06",0,0,0,0,0,0,,,
"FIN","BLJ09",0,1,0,0,0,0,,,
"FIN","BLJ11",0,1,1,0,0,0,,,
"FIN","BUV01",,,,149,152,176,176,176,176
"FIN","BUV02",,,,78,76,71,73,73,73
"FIN","BUV03",,,,52,57,55,62,62,62
"FIN","BUV04",,,,70,70,65,66,66,66
"FIN","BUV05",,,,99,101,91,92,91,91
"FIN","BUV06",,,,64,62,76,72,72,72
"FIN","BUV07",,,,1,1,1,1,1,1
"FIN","BUV08",,,,3,4,4,3,3,3
"FIN","BUV09",,,,6,7,6,6,6,6
"FIN","BUV10",,,,1,1,1,1,1,1
"FIN","BUV11",,,,25,27,30,30,30,30
"FIN","ISC00",271,254,254,,,,,,
"FIN","ISS01",,,,,72,67,76,64,64
"FIN","ISS02",,,,,67,55,57,57,57
"FIN","ISS03",,,,,9,8,8,8,8
"FIN","ISS04",,,,,50,37,39,39,39
"FIN","ISS05",,,,,15,12,13,13,13
"FIN","ISS06",,,,,10,10,10,10,10
"FIN","ISS07",,,,,40,29,30,30,30
"FIN","ISS08",,,,,15,7,8,8,8
"FIN","ISS09",,,,,2,2,2,2,2
"FIN","ISS0Z",,,,,6,6,6,6,6
"FJA","ARP00",10,10,11,,,,,,
"FJA","ARR00",47.5,47.5,47.5,,,,,,
"FJA","ARS00",0,0,0,,,,,,
"FJA","BNZ01",,,,0,0,0,0,0,0
"FJA","BNZ02",,,,43.5,45.5,50.5,51,51,51
"FJA","BNZ03",,,,11,11,10,10,10,10
"FJA","ISC00",5.5,5.5,5.5,,,,,,
"FJA","ISS00",,,,5.5,5.5,5.5,6,6,6
"FO","AIP00",388.1,403.2,450.64,,,,,,
"FO","AIV00",173.4,184.1,183.25,,,,,,
"FO","AIW00",134.3,133.6,134.62,,,,,,
"FO","BTF01",,,,446,498,507,458,455,444
"FO","BTF02",,,,156,182,180,176,175,171
"FO","BTF03",,,,84,86,97,84,83,81
"FO","BTF04",,,,199,217,199,216,214,209
"FO","BTF05",,,,45,37,45,37,37,36
"FO","BTF06",,,,193,197,208,196,194,189
"FO","BTF07",,,,725,762,837,758,753,736
"FO","BTF08",,,,52,49,49,48,48,47
"FO","BTF09",,,,18,31,28,21,21,20
"FO","BTF10",,,,114,110,123,111,110,107
"FO","BTF11",,,,784,844,736,815,810,792
"FO","BTF12",,,,57,59,61,60,60,59
"FO","BTF13",,,,,,,40,40,39
"FO","BTG01",,,,348,446,581,440,437,428
"FO","BTG02",,,,26,86,83,85,84,82
"FO","BTG03",,,,138,160,151,159,158,155
"FO","BTG04",,,,162,162,193,163,162,159
"FO","BTG05",,,,468,475,424,457,454,444
"FO","BTG06",,,,137,145,160,140,139,136
"FO","BTG07",,,,10,16,20,16,16,16
"FO","BTH01",,,,7,8,7,7,7,7
"FO","BTH02",,,,215,197,217,217,216,211
"FO","BTH03",,,,27,24,26,26,26,25
"FO","BTH04",,,,309,298,377,385,383,375
"FO","BTH05",,,,928,1135,887,857,852,833
"FO","BTH06",,,,275,278,324,338,336,329
"FO","BTI01",,,,190,206,141,141,140,137
"FO","BTI02",,,,219,210,230,338,334,326
"FO","BTI03",,,,85,46,81,81,80,78
"FO","BTI04",,,,2746,3276,2810,2850,2823,2754
"FO","BTI05",,,,414,32,254,323,319,311
"FO","BTI06",,,,119,4,135,181,180,176
"FO","BTI07",,,,330,345,322,256,254,248
"FO","BTI08",,,,,0,0,0,0,0
"FO","CGA00",12.9,10.4,18.01,,,,,,
"FO","HAA00",956.7,992.5,1138.01,,,,,,
"FO","HAB00",305.1,354.9,418.05,,,,,,
"FO","HGN00",107.1,107.1,132.25,,,,,,
"FO","HGO00",188.8,189.8,188.19,,,,,,
"FO","HGP00",48.2,52.2,51.69,,,,,,
"FO","HGQ00",26.3,19.3,22.28,,,,,,
"FO","HGR00",52.7,50.8,48.45,,,,,,
"FO","HGS00",220.6,257.2,260.63,,,,,,
"FO","HGW00",8,9.5,6.19,,,,,,
"FO","HGX00",662.9,686.7,674.51,,,,,,
"FO","HGY00",201.5,202.1,203.51,,,,,,
"FO","ISC00",1685.5,1674.8,1877.08,,,,,,
"FO","ISS01",,,,386,385,404,389,386,376
"FO","ISS02",,,,162,165,177,166,165,160
"FO","ISS03",,,,18,20,21,20,20,20
"FO","ISS04",,,,339,390,414,394,391,381
"FO","ISS05",,,,218,259,254,288,281,269
"FO","ISS06",,,,65,60,85,60,60,59
"FO","ISS07",,,,307,322,310,322,319,310
"FO","ISS08",,,,401,398,449,399,396,385
"FO","ISS09",,,,45,49,54,49,49,48
"FO","ISS0Z",,,,28,33,26,33,33,32
"FO","LJA00",83.5,99.9,177.27,,,,,,
"FO","LJC00",123.2,144.8,184.8,,,,,,
"FO","LJD00",330.1,326.7,314.34,,,,,,
"FO","LJE00",45.5,47.3,73.94,,,,,,
"FO","LJF00",2740.2,2933.4,2703.5,,,,,,
"FO","LJG00",742.6,623.3,1184,,,,,,
"FO","LJH00",243.8,270,296.67,,,,,,
"FO","LJK00",233.3,235.2,263.24,,,,,,
"FO","LJL00",97.7,95.3,106.56,,,,,,
"FORDQ","BLL01",,,,123,,,,,
"FORDQ","BLL02",,,,53,54,57,55,55,55
"FORDQ","BLL03",,,,4,10,11,5,2,2
"FORDQ","BLL04",,,,,116,123,124,123,123
"FORDQ","BNI00",134,122,113,,,,,,
"FORDQ","BNJ00",16,21,18,,,,,,
"FORDQ","BNK00",37,47,51,,,,,,
"FORDQ","ISC00",128,140,138,,,,,,
"FORDQ","ISS00",,,,142,154,151,156,153,153
"FTRAC","BNG00",136,152,166,,,,,,
"FTRAC","BNH00",150,150,151,,,,,,
"FTRAC","BUW01",,,,127,125,123,122,122,122
"FTRAC","BUW02",,,,2,2,3,3,3,3
"FTRAC","BUX01",,,,99,92,99,93,93,93
"FTRAC","BUX02",,,,12,10,10,11,11,11
"FTRAC","ISC00",53,51,49,,,,,,
"FTRAC","ISS00",,,,115,123,133,138,138,138
"GG","AKC00",,,,,,,,,
"GG","BKY00",,,,,,,,,
"GG","ISC00",,,,,,,,,
"GG","ISS00",,,,,,,,,
"GSC","AZA00",1712.34,1617.47,1671.95,,,,,,
"GSC","AZN00",1773,2088.71,2904.68,,,,,,
"GSC","BEQ00",3410.4,3507.19,3748.58,,,,,,
"GSC","BEU00",319,308,304.9,,,,,,
"GSC","BEW00",1197,1149.51,1153.7,,,,,,
"GSC","BEX00",479.65,642.63,692.63,,,,,,
"GSC","BEY00",25.14,23.37,24.69,,,,,,
"GSC","BVV01",,,,435.7,486,451,539,477,449
"GSC","BVV02",,,,1258.1,1312,1273,1321,1324,1324
"GSC","BVW01",,,,2404.13,3014.2,3138.98,742,742,721
"GSC","BVW02",,,,1153.05,1195,1135,1307,1307,1339
"GSC","BVW03",,,,48.1,47.7,46,44,42,42
"GSC","BVW04",,,,190.05,192,200.86,215,223,226
"GSC","BVW05",,,,78.86,81,80,86,90,90
"GSC","BVW06",,,,4.34,7.26,4.75,5,5,5
"GSC","BVX01",,,,753.98,824.67,767.17,831,829,803
"GSC","BVX02",,,,3122.94,3207.49,3426,3464,3407,3398
"GSC","BVX03",,,,104.79,97.68,107.1,110,111,111
"GSC","BVX04",,,,17.3,16,17.33,18,18,17
"GSC","BVY01",,,,1213.12,1280.05,1200.24,1238,1236,1228
"GSC","BVY02",,,,86.97,90,91,97,97,98
"GSC","BVY03",,,,241.05,291,306,247,243,243
"GSC","BVY04",,,,181.73,227,241,294,294,294
"GSC","BVY05",,,,133.79,128,137,138,138,138
"GSC","BVY06",,,,18.81,21.66,15,6,5,5
"GSC","BVY07",,,,23.25,32,34,36,37,38
"GSC","BVY08",,,,393.48,400.62,456,457,460,463
"GSC","BVZ01",,,,24.91,24.86,18,21,20,20
"GSC","CUA00",354,358.14,387,,,,,,
"GSC","ISC00",2474.62,2610.71,2692.29,,,,,,
"GSC","ISS01",,,,342.91,435.88,410.89,464,464,464
"GSC","ISS02",,,,122.8,141.64,144,199,209,209
"GSC","ISS03",,,,25.06,22.78,26,28,28,28
"GSC","ISS04",,,,616,712.91,654,730,744,759
"GSC","ISS05",,,,507,547,509,565,565,565
"GSC","ISS06",,,,190.09,170.54,85,114,114,114
"GSC","ISS07",,,,792.51,811,896,751,739,736
"GSC","ISS08",,,,84,102,77,101,101,101
"GSC","ISS09",,,,29,31,26,31,31,31
"GSC","ISS0Z",,,,31,33,27,36,36,36
"H","AKR00",561,553,532,,,,,,
"H","AKS00",428,434,406,,,,,,
"H","AKU00",1337,1363,829,,,,,,
"H","AKZ00",476,522,696,,,,,,
"H","ALA00",179,178,188,,,,,,
"H","BMA00",175,177,176,,,,,,
"H","BMD00",1763,1733,1753,,,,,,
"H","BME00",500,500,485,,,,,,
"H","BVG01",,,,110,107,127,138,138,139
"H","BVG02",,,,28,29,12,30,30,30
"H","BVG03",,,,1,11,11,13,13,13
"H","BVG04",,,,2,10,11,12,12,12
"H","BVG05",,,,15,6,39,24,24,24
"H","BVG06",,,,2,3,12,2,2,2
"H","BVG07",,,,15,15,12,16,16,16
"H","BVG08",,,,16,15,19,19,19,19
"H","BVG09",,,,5,5,11,5,5,5
"H","BVG10",,,,2,2,11,2,2,2
"H","BVG11",,,,2,2,12,2,2,2
"H","BVG12",,,,1,0,0,13,13,13
"H","BVG13",,,,7,7,10,10,10,10
"H","BVG14",,,,1,1,0,1,1,0
"H","BVG15",,,,2,2,2,3,3,3
"H","BVG16",,,,1,0,0,1,0,0
"H","BVH01",,,,1029,1154,1115,1133,1126,1100
"H","BVH02",,,,522,565,483,497,496,466
"H","BVH03",,,,283,352,350,367,367,347
"H","BVH04",,,,206,209,153,156,153,152
"H","BVH05",,,,516,530,580,631,596,551
"H","BVH06",,,,95,92,102,102,102,102
"H","BVH07",,,,29,36,21,21,21,19
"H","BVH08",,,,26,26,35,35,26,26
"H","BVH09",,,,443,485,603,604,420,420
"H","BVH10",,,,256,270,283,281,254,254
"H","BVH11",,,,36,44,34,34,34,34
"H","BVH12",,,,158,157,141,139,139,138
"H","BVH13",,,,317,363,279,319,308,301
"H","BVH14",,,,442,622,564,622,701,17
"H","BVH15",,,,178,185,202,202,202,202
"H","BVH16",,,,451,479,490,499,465,465
"H","BVH17",,,,206,216,255,255,255,255
"H","CFA00",290,289,268,,,,,,
"H","ISC00",2171,2243.3,2316,,,,,,
"H","ISS01",,,,466,287,340,343,337,334
"H","ISS02",,,,292,282,204,206,203,199
"H","ISS03",,,,30,31,0,2,2,2
"H","ISS04",,,,459,467,262,293,292,264
"H","ISS05",,,,256,274,286,298,296,283
"H","ISS06",,,,118,121,59,61,60,54
"H","ISS07",,,,428,483,437,443,429,406
"H","ISS08",,,,178,175,61,63,56,47
"H","ISS09",,,,3,3,10,10,10,9
"H","ISS0Z",,,,38,41,39,38,38,38
"H","LJR00",7,8,4,,,,,,
"H","LJS00",192,180,171,,,,,,
"H","LJT00",473,489,294,,,,,,
"H","LJU00",188,183,100,,,,,,
"HC","AVA00",,,,,,,,,
"HC","AVB00",,,,,,,,,
"HC","BST00",,,,,,,,,
"HC","BSU00",,,,,,,,,
"HRSD","AMP00",645,647,651,,,,,,
"HRSD","AMQ00",323,324,346,,,,,,
"HRSD","BGM01",,,,139,157,200,203,203,203
"HRSD","BGM02",,,,94,120,139,132,132,132
"HRSD","BGM03",,,,68,62,54,54,54,54
"HRSD","BGM04",,,,17,21,18,18,18,18
"HRSD","BGM05",,,,4,5,5,20,17,17
"HRSD","BGM06",,,,1,1,11,11,11,11
"HRSD","BGM07",,,,11,26,37,34,30,27
"HRSD","BGM08",,,,4,17,19,19,19,19
"HRSD","BGM09",,,,44,46,43,58,60,60
"HRSD","BGM10",,,,,,,10,0,0
"HRSD","BGN01",,,,2695,2854,1871,2465,2196,1700
"HRSD","BGN02",,,,11,24,26,26,26,26
"HRSD","BGN03",,,,2627,2787,2005,3039,2135,2050
"HRSD","BGO01",,,,8277,8462,6569,7618,7085,7002
"HRSD","BGO02",,,,31,26,24,24,24,24
"HRSD","BGO03",,,,48,46,35,35,35,35
"HRSD","BGO04",,,,52,42,48,50,48,49
"HRSD","BGO05",,,,240,233,239,259,259,259
"HRSD","BGO06",,,,512,500,525,388,388,388
"HRSD","BGO07",,,,7,53,18,77,67,49
"HRSD","BGO08",,,,59,57,74,74,74,74
"HRSD","BGO09",,,,39,47,52,52,52,52
"HRSD","BGO10",,,,194,180,224,218,218,219
"HRSD","BGO11",,,,9,10,8,43,39,39
"HRSD","BGO12",,,,6,14,19,19,16,16
"HRSD","BGO13",,,,47,48,45,45,45,45
"HRSD","BGO14",,,,730,702,607,756,707,628
"HRSD","BGO15",,,,43,37,47,47,47,47
"HRSD","BGO16",,,,11,11,16,16,16,16
"HRSD","BGO17",,,,235,232,233,233,233,233
"HRSD","BGO18",,,,115,95,103,103,103,103
"HRSD","BGO19",,,,59,57,88,88,88,88
"HRSD","BGO20",,,,62,63,72,72,72,72
"HRSD","BGO21",,,,1,29,14,14,14,14
"HRSD","BGO22",,,,2,2,6,22,14,15
"HRSD","BGO23",,,,,,,10,10,10
"HRSD","BGP01",,,,119,122,130,124,124,124
"HRSD","BGP02",,,,45,54,62,62,62,62
"HRSD","BGP03",,,,224,217,233,234,234,234
"HRSD","BGP04",,,,13,16,23,19,20,20
"HRSD","BGP05",,,,199,222,184,280,277,275
"HRSD","BGP06",,,,37,30,25,29,29,29
"HRSD","BGP07",,,,31,29,34,34,34,34
"HRSD","BGQ01",,,,25,61,59,59,59,59
"HRSD","BGQ02",,,,82,84,82,83,83,83
"HRSD","BGQ03",,,,233,229,244,245,221,221
"HRSD","BGQ04",,,,1667,1490,1887,1890,1809,1775
"HRSD","BGQ05",,,,29,222,235,236,239,239
"HRSD","BJJ00",9053,9722,10254,,,,,,
"HRSD","BJK00",4381,4801,5076,,,,,,
"HRSD","BKC00",289,309,349,,,,,,
"HRSD","DAA00",399,330,325,,,,,,
"HRSD","DAB00",1977,1849,1991,,,,,,
"HRSD","ISC00",3943,3843,4114,,,,,,
"HRSD","ISS01",,,,1070,1106,1239,1438,1415,1414
"HRSD","ISS02",,,,303,284,221,225,224,224
"HRSD","ISS03",,,,53,59,62,65,62,62
"HRSD","ISS04",,,,997,1051,882,848,761,745
"HRSD","ISS05",,,,685,696,738,803,758,737
"HRSD","ISS06",,,,49,56,54,54,54,54
"HRSD","ISS07",,,,1141,1269,972,1007,981,970
"HRSD","ISS08",,,,220,256,214,216,218,216
"HRSD","ISS09",,,,33,31,21,21,21,21
"HRSD","ISS0Z",,,,47,47,59,58,58,58
"IDRC","AJS00",,,,,,,,,
"IDRC","BKX00",,,,,,,,,
"IJC","AJU00",,,,,,,,,
"IJC","AJV00",,,,,,,,,
"IJC","BGY00",,,,,,,,,
"IJC","BGZ00",,,,,,,,,
"INAC","AFA00",,0,0,,,,,,
"INAC","ANC00",244,363,299,,,,,,
"INAC","ANG00",272,292,212,,,,,,
"INAC","ANL00",407,399,285,,,,,,
"INAC","ANM00",238,258,265,,,,,,
"INAC","ANO00",65,83,83,,,,,,
"INAC","ANP00",226,239,240,,,,,,
"INAC","ANR00",144,150,104,,,,,,
"INAC","BWM01",,,,25,5,26,,,
"INAC","BWM02",,,,273,297,284,258,258,230
"INAC","BWM03",,,,98,108,99,107,107,107
"INAC","BWM04",,,,99,109,99,109,108,108
"INAC","BWM05",,,,30,35,29,35,35,35
"INAC","BWM06",,,,7,59,24,63,63,63
"INAC","BWM07",,,,10,8,9,8,8,8
"INAC","BWM08",,,,4,3,4,2,2,2
"INAC","BWM09",,,,0,7,0,6,6,6
"INAC","BWM10",,,,39,11,41,12,22,22
"INAC","BWM11",,,,,55,51,,,
"INAC","BWM12",,,,311,75,300,,,
"INAC","BWM13",,,,173,137,135,104,8,4
"INAC","BWR01",,,,22,6,21,,,
"INAC","BWR02",,,,157,34,160,,,
"INAC","BWR03",,,,355,91,358,,,
"INAC","BWR04",,,,29,30,31,30,30,28
"INAC","BWR05",,,,20,19,21,19,19,19
"INAC","BWR06",,,,138,138,145,137,137,137
"INAC","BWR07",,,,20,20,22,23,20,19
"INAC","BWR08",,,,100,100,108,103,103,103
"INAC","BWR09",,,,6,4,0,0,0,0
"INAC","BWR10",,,,17,21,18,22,22,22
"INAC","BWR11",,,,,,,54,54,54
"INAC","CEA00",13,13,10,,,,,,
"INAC","CKA00",364,376,397,,,,,,
"INAC","CKB00",80,87,97,,,,,,
"INAC","CKC00",34,29,28,,,,,,
"INAC","CKD00",434,438,489,,,,,,
"INAC","CKE00",72,68,66,,,,,,
"INAC","HGH00",458,333,262,,,,,,
"INAC","HGV00",42,39,38,,,,,,
"INAC","ISC00",1431,1476,1434,,,,,,
"INAC","ISS01",,,,361,323,387,269,269,269
"INAC","ISS02",,,,141,74,111,9,8,8
"INAC","ISS03",,,,115,72,111,82,82,82
"INAC","ISS04",,,,205,118,189,320,319,318
"INAC","ISS05",,,,199,142,193,63,61,60
"INAC","ISS06",,,,59,20,43,3,1,1
"INAC","ISS07",,,,147,72,109,4,4,4
"INAC","ISS08",,,,19,10,14,0,0,0
"INAC","ISS09",,,,26,19,24,12,11,11
"INAC","ISS0Z",,,,32,13,32,0,0,0
"INDSC","AFA00",,,0,,,,,,
"INDSC","AKU00",,,609,,,,,,
"INDSC","ANC00",,,147,,,,,,
"INDSC","ANG00",,,106,,,,,,
"INDSC","ANL00",,,123,,,,,,
"INDSC","ANR00",,,52,,,,,,
"INDSC","BWS01",,,,312,,,,,
"INDSC","BWS02",,,,67,,,,,
"INDSC","BWS03",,,,18,,,,,
"INDSC","BWS04",,,,89,,,,,
"INDSC","BWS05",,,,13,,,,,
"INDSC","BWS06",,,,19,,,,,
"INDSC","BWT01",,,,379,,,,,
"INDSC","BWT02",,,,196,,,,,
"INDSC","BWT03",,,,43,,,,,
"INDSC","BWT04",,,,47,,,,,
"INDSC","BWT05",,,,133,,,,,
"INDSC","BWT06",,,,30,,,,,
"INDSC","BWU01",,,,608,,,,,
"INDSC","BWU02",,,,95,,,,,
"INDSC","BWU03",,,,179,,,,,
"INDSC","BWU04",,,,149,,,,,
"INDSC","BWU05",,,,119,,,,,
"INDSC","BWU06",,,,92,,,,,
"INDSC","BWU07",,,,65,,,,,
"INDSC","BWU08",,,,534,,,,,
"INDSC","BWU09",,,,73,,,,,
"INDSC","BWU10",,,,8,,,,,
"INDSC","BWU11",,,,74,,,,,
"INDSC","BWU12",,,,49,,,,,
"INDSC","BWU13",,,,0,,,,,
"INDSC","BWU14",,,,166,,,,,
"INDSC","BXL01",,,,,481,475,475,475,475
"INDSC","BXL02",,,,,716,596,600,606,606
"INDSC","BXL03",,,,,65,94,95,95,95
"INDSC","BXL04",,,,,,,339,333,333
"INDSC","BXM01",,,,,147,0,161,161,9
"INDSC","BXM02",,,,,154,170,167,122,122
"INDSC","BXM03",,,,,91,72,72,72,72
"INDSC","BXM04",,,,,87,86,85,84,83
"INDSC","BXM05",,,,,91,61,61,61,61
"INDSC","BXM06",,,,,7,8,8,8,8
"INDSC","BXM07",,,,,161,203,203,150,150
"INDSC","BXM08",,,,,189,191,201,201,201
"INDSC","BXM09",,,,,310,315,306,306,306
"INDSC","BXM10",,,,,61,67,57,57,57
"INDSC","BXM11",,,,,21,19,22,22,22
"INDSC","BXM12",,,,,108,94,112,112,112
"INDSC","BXM13",,,,,13,14,13,13,13
"INDSC","BXM14",,,,,20,18,22,22,22
"INDSC","BXP01",,,,,79,38,36,31,31
"INDSC","BXP02",,,,,56,55,55,55,55
"INDSC","BXP03",,,,,66,86,86,86,86
"INDSC","BXP04",,,,,378,395,379,379,379
"INDSC","BXP05",,,,,163,204,171,36,36
"INDSC","BXP06",,,,,66,48,71,15,15
"INDSC","BXP07",,,,,64,42,59,16,16
"INDSC","BXP08",,,,,129,133,137,118,118
"INDSC","BXP09",,,,,32,31,33,33,33
"INDSC","BXP10",,,,,,,33,33,33
"INDSC","BXP11",,,,,,,109,109,109
"INDSC","BXP12",,,,,,,403,390,390
"INDSC","BXP13",,,,,,,21,21,21
"INDSC","BXQ01",,,,,0,17,0,0,0
"INDSC","BXQ02",,,,,0,0,0,0,0
"INDSC","BXQ03",,,,,0,0,0,0,0
"INDSC","CEA00",,,5,,,,,,
"INDSC","ISC00",,,119,,,,,,
"INDSC","ISS01",,,,148,608,193,269,265,265
"INDSC","ISS02",,,,83,53,65,210,207,207
"INDSC","ISS03",,,,3,15,6,16,16,16
"INDSC","ISS04",,,,87,60,84,0,0,0
"INDSC","ISS05",,,,156,219,193,348,338,322
"INDSC","ISS06",,,,55,65,106,119,103,93
"INDSC","ISS07",,,,66,166,42,267,265,265
"INDSC","ISS08",,,,20,11,16,37,37,37
"INDSC","ISS09",,,,25,22,24,48,39,39
"INDSC","ISS0Z",,,,10,10,7,52,52,52
"INDSC","LJT00",,,217,,,,,,
"INDSC","LJU00",,,74,,,,,,
"INDSC","X0002",,,0,,,,,,
"INVIC","BCZ01",,,,10,13,15,16,16,16
"INVIC","BCZ02",,,,8,12,14,13,13,13
"INVIC","BCZ03",,,,11,24,28,28,28,28
"INVIC","ISS00",,,,7,7,10,10,10,10
"IPC","ASN00",89,88,85,,,,,,
"IPC","ASO00",61,61,61,,,,,,
"IPC","ASR00",16,16,17,,,,,,
"IPC","AST00",20,20,21,,,,,,
"IPC","BRF01",,,,57,66,71,86,86,86
"IPC","BRG01",,,,66,70,65,81,80,80
"IPC","BRG02",,,,57,72,68,78,73,73
"IPC","ISC01",50,0,50,,,,,,
"IPC","ISC02",19,22,22,,,,,,
"IPC","ISS10",,,,50,51,48,54,54,54
"IPC","ISS20",,,,27,28,22,22,22,22
"IRB","AFR00",86,87,80,,,,,,
"IRB","AFT00",120,130,128,,,,,,
"IRB","AFU00",402,407,491,,,,,,
"IRB","BGC01",,,,620.63,778,682,880,406,391
"IRB","BGC02",,,,118.24,205,208,326,208,199
"IRB","BGC03",,,,83.17,86,95,106,106,106
"IRB","BGC04",,,,127.47,126,157,153,153,153
"IRB","HAC00",84,91,90,,,,,,
"IRB","ISC00",242,261,268,,,,,,
"IRB","ISS00",,,,295.51,382,258,411,281,273
"ISC","AOW00",235,220,231,,,,,,
"ISC","AOX00",73,48,52,,,,,,
"ISC","AOZ00",120,109,116,,,,,,
"ISC","APA00",1730,1744,1769,,,,,,
"ISC","APD00",68,100,117,,,,,,
"ISC","APG00",806,701,677,,,,,,
"ISC","APJ00",99,123,147,,,,,,
"ISC","BNN01",,,,17,21,19,25,25,24
"ISC","BNN02",,,,19,22,25,21,21,21
"ISC","BNN03",,,,53,58,58,57,57,57
"ISC","BNN04",,,,67,73,69,72,71,71
"ISC","BNN05",,,,15,13,15,13,13,13
"ISC","BNO01",,,,50,49,47,50,50,50
"ISC","BNO02",,,,39,37,36,33,33,33
"ISC","BNO03",,,,14,24,12,23,23,23
"ISC","BNO04",,,,14,18,15,15,15,15
"ISC","BNP01",,,,131,182,138,162,172,172
"ISC","BNP02",,,,47,45,47,46,46,46
"ISC","BNP03",,,,160,161,163,159,149,149
"ISC","BNP04",,,,56,53,56,52,52,52
"ISC","BNP05",,,,52,68,52,73,73,73
"ISC","BNP06",,,,495,526,505,556,577,576
"ISC","BNP07",,,,21,24,22,25,25,25
"ISC","BNP08",,,,182,168,183,172,172,172
"ISC","BNP09",,,,39,41,39,43,43,43
"ISC","BNP10",,,,379,383,378,380,380,380
"ISC","BNP11",,,,1031,1070,1094,1067,1067,1067
"ISC","BNP12",,,,327,343,331,336,336,336
"ISC","BNP13",,,,81,81,81,78,78,78
"ISC","BNP14",,,,14,16,14,15,15,15
"ISC","BNP15",,,,254,284,259,285,285,285
"ISC","BNP16",,,,32,27,33,27,27,27
"ISC","CRA00",379,347,339,,,,,,
"ISC","ISC00",1203,1410,1462,,,,,,
"ISC","ISS01",,,,404,372,405,390,390,390
"ISC","ISS02",,,,181,186,217,190,190,190
"ISC","ISS03",,,,5,6,6,6,6,6
"ISC","ISS04",,,,224,247,238,246,246,246
"ISC","ISS05",,,,183,207,186,204,204,204
"ISC","ISS06",,,,70,69,71,61,61,61
"ISC","ISS07",,,,350,341,358,352,352,352
"ISC","ISS08",,,,54,62,55,56,56,56
"ISC","ISS09",,,,20,24,20,20,20,20
"ISC","ISS0Z",,,,52,41,48,41,41,41
"JCCB","BJE00",,,,,,,,,
"JCCB","BTN00",,,,,,,,,
"JUS","ASA00",9,8.8,9,,,,,,
"JUS","ASB00",255,256,243,,,,,,
"JUS","ASE00",3023,3095.8,3079,,,,,,
"JUS","BNX01",,,,1740,1812,1739,1804,1805,1808
"JUS","BNX02",,,,167,177,172,211,203,197
"JUS","BNX03",,,,1215,1254,1219,1260,1268,1273
"JUS","BNY01",,,,238,224,241,234,234,234
"JUS","BNY02",,,,9,14,9,14,14,14
"JUS","BNY03",,,,3,0,3,0,0,0
"JUS","BNY04",,,,0,0,1,0,0,0
"JUS","BNY05",,,,7,8,7,7,7,7
"JUS","BNY06",,,,4,5,5,5,5,5
"JUS","BNY07",,,,2,1,1,1,1,1
"JUS","BNY08",,,,17,19,18,19,19,19
"JUS","BNY09",,,,3,2,3,3,3,3
"JUS","BNY10",,,,8,11,8,10,10,10
"JUS","ISC00",1050,950,980,,,,,,
"JUS","ISS01",,,,206,215,208,227,227,227
"JUS","ISS02",,,,54,66,54,69,69,69
"JUS","ISS03",,,,,0,0,0,0,0
"JUS","ISS04",,,,195,213,191,219,219,219
"JUS","ISS05",,,,160,166,163,167,167,167
"JUS","ISS06",,,,114,122,114,127,127,127
"JUS","ISS07",,,,165,177,166,174,174,174
"JUS","ISS08",,,,56,63,55,64,64,64
"JUS","ISS09",,,,0,0,0,0,0,0
"JUS","ISS0Z",,,,23,21,23,23,23,23
"LAC","BHB00",28,41,37,,,,,,
"LAC","BHC00",143,113,120,,,,,,
"LAC","BHD00",311,328,343,,,,,,
"LAC","BSI01",,,,90,88,88,87,87,87
"LAC","BSI02",,,,113.6,118,116,114,114,114
"LAC","BSI03",,,,76.3,89,88,85,73,70
"LAC","BSI04",,,,113.3,129,128,122,119,118
"LAC","BSJ01",,,,220.9,257,230,229,210,210
"LAC","BSJ02",,,,53.6,57,57,56,56,56
"LAC","ISC00",224,212,231,,,,,,
"LAC","ISS00",,,,286.8,303,294,298,298,298
"LAC","LJN00",59,44,39,,,,,,
"LAC","LJO00",148,165,171,,,,,,
"LDC","BXK01",,,,,0,6,,,
"LP","AVH00",,,,,,,,,
"LP","BSV00",,,,,,,,,
"LP","ISC00",,,,,,,,,
"LP","ISS00",,,,,,,,,
"MPCC","BDV00",10,10,10,,,,,,
"MPCC","BVJ01",,,,14,14,15,15,15,15
"MPCC","ISC00",15,16,13,,,,,,
"MPCC","ISS00",,,,14,14,14,14,14,14
"NAC","ADO00",,,,,,,,,
"NAC","BSK00",,,,,,,,,
"NBC","ADR00",22.5,22,22,,,,,,
"NBC","ADS00",18.25,20,21.5,,,,,,
"NBC","BFO01",,,,24,22,22,22,22,22
"NBC","BFY01",,,,20,20,19,19,19,19
"NBC","ISC00",18.75,17,18,,,,,,
"NBC","ISS00",,,,19,17,18,18,18,18
"NCC","ADV00",,,,,,,,,
"NCC","BSN00",,,,,,,,,
"ND","BUN01",,,,643,0,619,0,0,0
"ND","BUN02",,,,485,138,481,139,141,143
"ND","BUN03",,,,155,62,148,59,60,61
"ND","BUN04",,,,1160,1021,1187,309,309,310
"ND","BUN05",,,,671,505,731,976,986,994
"ND","BUN06",,,,1770,921,1757,1377,1390,1402
"ND","BUN07",,,,0,0,0,0,0,0
"ND","BUO01",,,,90,310,90,249,251,253
"ND","BUO02",,,,8919,8113,9158,8178,8239,8291
"ND","BUO03",,,,19475,19588,19455,20095,20302,20473
"ND","BUO04",,,,9560,9981,9523,10137,10240,10325
"ND","BUO05",,,,1823,1985,1878,506,509,512
"ND","BUO06",,,,602,785,769,1946,1965,1982
"ND","BUO07",,,,818,884,870,1042,1049,1056
"ND","BUO08",,,,1010,1042,1057,1575,1591,1605
"ND","BUO09",,,,970,844,1203,919,927,936
"ND","BUO10",,,,2297,2263,2012,1840,1842,1845
"ND","BUO11",,,,2,2,1,2,2,2
"ND","BUP01",,,,515,617,519,1113,1124,1133
"ND","BUP02",,,,13053,4387,13143,3400,3427,3450
"ND","BUP03",,,,3089,3696,2920,2332,2343,2352
"ND","BUP04",,,,958,9530,989,11749,11868,11967
"ND","BUP05",,,,1806,1458,1961,428,431,433
"ND","BUP06",,,,98,56,68,1305,1320,1331
"ND","BUP07",,,,62,24,83,45,45,45
"ND","BUP08",,,,231,250,229,204,204,206
"ND","BUP09",,,,65,70,71,65,65,65
"ND","BUP10",,,,246,319,260,197,198,198
"ND","BUQ01",,,,222,147,254,321,324,326
"ND","BUQ02",,,,84,109,88,137,138,139
"ND","BUQ03",,,,201,34,207,105,106,106
"ND","BUQ04",,,,403,109,498,81,81,81
"ND","BUQ05",,,,0,0,0,0,0,0
"ND","BUQ06",,,,36,85,86,115,115,116
"ND","BUQ07",,,,118,74,120,77,77,77
"ND","BUQ08",,,,1357,1372,1416,1387,1387,1388
"ND","BUR01",,,,412,363,428,382,383,385
"ND","BUR02",,,,516,572,589,396,396,397
"ND","BUR03",,,,252,238,276,346,349,351
"ND","BUR04",,,,262,282,78,133,134,134
"ND","BUR05",,,,978,972,968,919,920,922
"ND","BUS01",,,,279,129,155,280,281,282
"ND","BUS02",,,,54,77,114,0,0,0
"ND","BUS03",,,,2428,2428,2472,2460,2460,2460
"ND","BUS04",,,,288,304,314,340,340,340
"ND","BUS05",,,,790,574,514,565,566,568
"ND","BUS06",,,,64,50,63,4,4,4
"ND","BUS07",,,,8,20,16,21,21,21
"ND","BUS08",,,,1634,2203,1634,2198,2207,2214
"ND","BUS09",,,,4279,4735,4323,4459,4485,4505
"ND","BUS10",,,,1298,3282,1606,3605,3631,3653
"ND","BUS11",,,,1004,1128,1046,799,806,811
"ND","BUS12",,,,1047,1011,1061,78,78,79
"ND","BUS13",,,,36,33,45,34,34,34
"ND","CQA00",6473,6418,7465,,,,,,
"ND","CQB00",1718,1490,1584,,,,,,
"ND","CQC00",27242,27299,26747,,,,,,
"ND","CQD00",47336,48455,48298,,,,,,
"ND","CQE00",2065,2041,2425,,,,,,
"ND","ISC00",3198,2870,3281,,,,,,
"ND","ISS01",,,,786,851,860,1762,1773,1784
"ND","ISS02",,,,206,219,191,278,280,281
"ND","ISS03",,,,25,28,29,28,28,28
"ND","ISS04",,,,889,1057,1108,1248,1248,1249
"ND","ISS05",,,,401,425,432,478,479,479
"ND","ISS06",,,,87,114,70,83,83,83
"ND","ISS07",,,,469,844,736,859,860,860
"ND","ISS08",,,,25,99,111,94,94,94
"ND","ISS09",,,,294,272,303,298,298,298
"ND","ISS0Z",,,,165,161,199,165,165,165
"NEB","AUD00",251.5,276.7,,,,,,,
"NEB","AUF00",48.1,37.3,,,,,,,
"NEB","BTA01",,,123.9,,,,,,
"NEB","BTA02",,,1.85,,,,,,
"NEB","BTB01",,,77.55,,,,,,
"NEB","BTB02",,,17.4,,,,,,
"NEB","BTB03",,,11.36,,,,,,
"NEB","BTB04",,,18.16,,,,,,
"NEB","BTC01",,,52.63,,,,,,
"NEB","BTC02",,,2.83,,,,,,
"NEB","BTD01",,,15.17,,,,,,
"NEB","BTD02",,,8.84,,,,,,
"NEB","BXT01",,,,,78.4,95.7,72,73,71
"NEB","BXT02",,,,,23.9,27,10,10,10
"NEB","BXT03",,,,,7.1,10,8,8,6
"NEB","BXT04",,,,,21.6,26.5,24,24,17
"NEB","BXU01",,,,,35.8,28,27,27,27
"NEB","BXU02",,,,,8,6.2,2,2,2
"NEB","BXV01",,,,,12.6,15.5,16,16,15
"NEB","BXV02",,,,,25.2,28.5,23,23,20
"NEB","BXY01",,,,,116.3,116.4,106,106,104
"NEB","BXY02",,,,,2.9,3.4,3,3,3
"NEB","ISC00",157.9,160.5,,,,,,,
"NEB","ISS00",,,151.62,170.58,162.3,161.3,163,162,163
"NFB","AEA00",197,164,151,,,,,,
"NFB","BLT00",126,168,169,,,,,,
"NFB","BSM01",,,,154,156,154,154,154,154
"NFB","BSP01",,,,79,73,75,75,75,75
"NFB","BSP02",,,,61,63,60,60,60,60
"NFB","BSP03",,,,30,28,32,32,32,32
"NFB","ISC00",51,64,69,,,,,,
"NFB","ISS00",,,,75,74,67,67,67,67
"NGC","AEF00",,,,,,,,,
"NGC","BRY00",,,,,,,,,
"NMST","AEH00",,,,,,,,,
"NMST","BRU00",,,,,,,,,
"NPA","AUP00",2,1,1,,,,,,
"NPA","BWQ01",,,,1,1,4,4,4,4
"NPB","AXV00",322,321,,,,,,,
"NPB","AXW00",42,44,,,,,,,
"NPB","AXY00",52,59,,,,,,,
"NPB","BUA01",,,317,316,320,320,318,318,318
"NPB","BUB01",,,42,43,45,44,43,43,43
"NPB","BUC01",,,48,58,72,60,60,60,60
"NPB","ISC00",59,56,,,,,,,
"NPB","ISS00",,,64,64,62,61,64,64,64
"NR","BMT00",254,277,304,,,,,,
"NR","BMU00",313,328,334,,,,,,
"NR","BMV00",399,422,417,,,,,,
"NR","BMW00",0,0,0,,,,,,
"NR","BMX00",264,265,257,,,,,,
"NR","BMY00",665,653,719,,,,,,
"NR","BMZ00",244,223,209,,,,,,
"NR","BNA00",474,435,459,,,,,,
"NR","BNB00",383,387,353,,,,,,
"NR","BTL01",,,,40,38,42,37,37,38
"NR","BTL02",,,,166,166,156,121,121,121
"NR","BTL03",,,,116,128,107,122,114,110
"NR","BTL04",,,,9,11,11,10,10,10
"NR","BTL05",,,,104,104,126,108,105,104
"NR","BTL06",,,,225,227,204,220,216,212
"NR","BTL07",,,,176,194,184,182,186,186
"NR","BTL08",,,,87,85,91,83,76,76
"NR","BTL09",,,,30,25,29,28,17,14
"NR","BTL10",,,,62,66,70,69,68,68
"NR","BTL11",,,,129,126,118,128,122,120
"NR","BTL12",,,,43,66,62,79,102,107
"NR","BTL13",,,,36,38,40,39,41,41
"NR","BTM01",,,,517,581,466,510,462,448
"NR","BTM02",,,,23,36,41,28,0,0
"NR","BTM03",,,,153,104,144,86,81,80
"NR","BTM04",,,,129,132,133,133,121,119
"NR","BTM05",,,,89,87,85,76,72,71
"NR","BTM06",,,,141,133,129,132,127,126
"NR","BTM07",,,,53,60,61,46,46,46
"NR","BTM08",,,,40,46,42,56,56,61
"NR","BTM09",,,,56,68,61,65,61,61
"NR","BTM10",,,,203,218,227,265,262,260
"NR","BTM11",,,,72,68,79,74,72,72
"NR","BTM12",,,,105,113,122,110,106,103
"NR","BTO01",,,,143,131,114,123,119,118
"NR","BTO02",,,,88,108,92,147,140,138
"NR","BTO03",,,,72,77,80,85,84,85
"NR","BTO04",,,,26,37,35,39,37,37
"NR","BTO05",,,,0,0,0,0,0,0
"NR","BTO06",,,,30,35,10,10,10,0
"NR","BTO07",,,,46,78,54,32,31,11
"NR","BTO08",,,,2,3,0,0,0,0
"NR","ISC00",940,906,928,,,,,,
"NR","ISS01",,,,266,279,329,329,325,325
"NR","ISS02",,,,108,118,119,128,128,128
"NR","ISS03",,,,5,4,5,5,5,5
"NR","ISS04",,,,175,175,173,165,165,165
"NR","ISS05",,,,121,112,133,115,115,115
"NR","ISS06",,,,45,47,41,51,51,51
"NR","ISS07",,,,110,127,112,124,124,124
"NR","ISS08",,,,77,72,67,61,61,60
"NR","ISS09",,,,16,16,16,16,16,16
"NR","ISS0Z",,,,37,43,43,42,43,43
"NRC","APY00",277.2,291.1,290.3,,,,,,
"NRC","BMM00",356,369.4,387.3,,,,,,
"NRC","BNQ01",,,,338.3,347.1,338.7,341,341,341
"NRC","BNQ02",,,,182.7,175.7,187,182,182,182
"NRC","BNQ03",,,,272.5,263.6,270,250,250,250
"NRC","BNQ04",,,,236.6,255.7,250,239,239,239
"NRC","BNQ05",,,,193.6,209.5,189,200,200,200
"NRC","BNQ06",,,,128.7,126.8,125,122,122,122
"NRC","BNQ07",,,,325.1,320.7,328,316,316,316
"NRC","BNQ08",,,,397.6,424.2,440,420,420,420
"NRC","BNQ09",,,,251.4,,,,,
"NRC","BNQ10",,,,0,0,10,0,0,0
"NRC","BNQ11",,,,158.6,162.8,157,170,170,170
"NRC","BNQ12",,,,66.4,67.2,66,66,66,66
"NRC","BNQ13",,,,62.9,64.4,65,63,63,63
"NRC","BNQ14",,,,45.5,0,47,46,46,46
"NRC","BNQ15",,,,90.9,97.3,89,97,97,97
"NRC","BNQ16",,,,92.3,88.6,89,73,73,73
"NRC","BNQ17",,,,0,0,1,0,0,0
"NRC","BNQ18",,,,102.2,93.6,97,93,93,93
"NRC","BNQ19",,,,97.3,94.4,98,93,93,93
"NRC","BNQ20",,,,10,16.1,6,16,16,16
"NRC","BNQ21",,,,10,10,35,10,10,10
"NRC","BNQ22",,,,0,14.5,29,14,14,14
"NRC","BNQ23",,,,,155.7,165,155,155,155
"NRC","BNQ24",,,,,127.6,88,132,132,132
"NRC","BNQ25",,,,,,,0,0,0
"NRC","CTA00",2055.4,2186.7,2242.9,,,,,,
"NRC","ISC00",980,1023.4,1058.7,,,,,,
"NRC","ISS01",,,,112.5,120,105,115,115,115
"NRC","ISS02",,,,76.5,77.9,83,78,78,78
"NRC","ISS03",,,,1,1,1,1,1,1
"NRC","ISS04",,,,134.8,149.8,125,149,149,149
"NRC","ISS05",,,,111.5,116,116.7,111,111,111
"NRC","ISS06",,,,33.7,0,33.4,34,34,34
"NRC","ISS07",,,,174.8,267.8,186.6,185,185,185
"NRC","ISS08",,,,198.4,219.3,171.3,215,215,215
"NRC","ISS09",,,,19.7,19.6,16.9,20,20,20
"NRC","ISS0Z",,,,24.7,22.5,27.3,22,22,22
"NSERC","BNR01",,,,89,116,94,94,93,92
"NSERC","BNR02",,,,50,52,53,53,53,52
"NSERC","BNR03",,,,145,135,153,152,151,151
"NSERC","CBA00",43,44,46,,,,,,
"NSERC","CBB00",82,85,86,,,,,,
"NSERC","CBC00",147,146,152,,,,,,
"NSERC","ISC00",131,137,138,,,,,,
"NSERC","ISS01",,,,44,52,52,52,52,51
"NSERC","ISS02",,,,8,8,8,8,8,8
"NSERC","ISS03",,,,0,0,0,0,0,0
"NSERC","ISS04",,,,19,22,20,20,20,20
"NSERC","ISS05",,,,18,18,17,17,17,17
"NSERC","ISS06",,,,7,8,16,16,16,16
"NSERC","ISS07",,,,43,46,39,39,39,39
"NSERC","ISS08",,,,4,10,0,0,0,0
"NSERC","ISS09",,,,0,0,0,0,0,0
"NSERC","ISS0Z",,,,4,4,4,4,4,4
"NSICP","BUE01",,,4.1,8.2,9.4,9,9,0,0
"NSICP","ISS00",,,,0,0,1,1,0,0
"OAG","AHF00",546,555,568,,,,,,
"OAG","BGX01",,,,552,567,580,585,595,595
"OCI","AYD00",31,32,32,,,,,,
"OCI","BVL01",,,,35,35,36,35,35,35
"OCI","ISC00",5,4,4,,,,,,
"OCI","ISS00",,,,4,5,5,6,6,6
"OCOL","AWF00",64,63,65,,,,,,
"OCOL","AWG00",53,54,53,,,,,,
"OCOL","BGH01",,,,70,66,65,65,65,65
"OCOL","BGI01",,,,56,56,56,56,56,56
"OCOL","ISC00",44,41,41,,,,,,
"OCOL","ISS00",,,,42,43,44,44,44,44
"OCSEC","ATG00",8.5,8.5,8.5,,,,,,
"OCSEC","BVK01",,,,7.5,6,8.5,,,
"OCSEC","BXS01",,,,,,,7,7,7
"OCSEC","ISC00",3,3,3,,,,,,
"OCSEC","ISS00",,,,3,2,3,4,4,4
"ODPP","BIT00",153,177,169,,,,,,
"ODPP","BJF00",687,667,686,,,,,,
"ODPP","BRD01",,,,665,817,858,858,858,858
"ODPP","BRD02",,,,159,,,,,
"ODPP","BRE01",,,,24,0,45,,,
"ODPP","DAG00",12,12,21,,,,,,
"ODPP","DAH00",8,8,,,,,,,
"ODPP","ISC00",112,116,118,,,,,,
"ODPP","ISS00",,,,131,148,136,165,165,165
"OEC","BDG00",,,,,,,,,
"OEC","BSS00",,,,,,,,,
"OEC","ISC00",,,,,,,,,
"OEC","ISS00",,,,,,,,,
"OICC","BJH00",3,3,1,,,,,,
"OICC","BJQ00",22,15,15,,,,,,
"OICC","BTK01",,,,18,19,87,19,0,0
"OICC","BTK02",,,,6,5,2,5,4,0
"OICC","BTK03",,,,57,74,22,52,42,41
"OICC","BTK04",,,,10,8,8,8,6,6
"OICC","BTK05",,,,2,4,8,3,3,2
"OICC","BTK06",,,,47,43,47,47,37,37
"OICC","BTK07",,,,24,23,19,22,17,17
"OICC","BTK08",,,,51,47,42,45,0,0
"OICC","BTK09",,,,10,10,10,10,0,0
"OICC","BTK10",,,,3,3,4,3,3,3
"OICC","BTK11",,,,19,23,18,22,17,17
"OICC","BTK12",,,,19,16,9,17,14,14
"OICC","BTK13",,,,,0,0,3,3,3
"OICC","CSA00",27,34,69,,,,,,
"OICC","CSB00",68,75,86,,,,,,
"OICC","CSC00",32,17,15,,,,,,
"OICC","CSD00",44,47,64,,,,,,
"OICC","ISC00",161.1,194,179,,,,,,
"OICC","ISS01",,,,97,202,33,105,59,58
"OICC","ISS02",,,,40,48,41,37,21,20
"OICC","ISS03",,,,0,0,0,0,0,0
"OICC","ISS04",,,,37,57,38,37,21,20
"OICC","ISS05",,,,37,45,42,40,22,22
"OICC","ISS06",,,,14,1,11,17,10,9
"OICC","ISS07",,,,26,3,24,24,14,13
"OICC","ISS08",,,,3,3,3,2,1,1
"OICC","ISS09",,,,0,0,0,0,0,0
"OICC","ISS0Z",,,,7,6,5,5,3,3
"OPSIC","BLB00",19,20,22,,,,,,
"OPSIC","BTS01",,,,21,21,29,28,28,28
"OPSIC","ISC00",7,6,7,,,,,,
"OPSIC","ISS00",,,,7,8,7,8,8,8
"ORL","BIO00",7,7,,,,,,,
"ORL","BIP00",7,7,,,,,,,
"ORL","BVA01",,,7,7,7,7,,,
"ORL","BVA02",,,7,7,7,7,,,
"ORL","BVA03",,,8,8,8,8,,,
"ORL","BVA04",,,,,,,24,24,24
"ORL","DAF00",8,8,,,,,,,
"ORL","ISC00",6,6,,,,,,,
"ORL","ISS00",,,6,6,6,6,4,4,4
"OSEO","BFL00",,,,,,,,,
"OSEO","BTE00",,,,,,,,,
"OSFI","AIG00",33,32,34,,,,,,
"OSFI","AIH00",418,417,427,,,,,,
"OSFI","AII00",26,26,27,,,,,,
"OSFI","BVN01",,,,338,373,367,436,424,420
"OSFI","BVN02",,,,94,100,66,90,90,89
"OSFI","BVN03",,,,23,21,28,24,24,24
"OSFI","BVN04",,,,25,25,25,24,24,24
"OSFI","BVO01",,,,36,34,40,40,40,40
"OSFI","ISC00",189,197,207,,,,,,
"OSFI","ISS00",,,,225,240,230,260,262,261
"PBO","BWZ00",,,,,,,,,
"PCA","AGV00",873,945,1030,,,,,,
"PCA","AGW00",50,49,62,,,,,,
"PCA","AGZ00",335,370,402,,,,,,
"PCA","AHA00",2064,2219,2529,,,,,,
"PCA","AHC00",291,324,333,,,,,,
"PCA","BGW01",,,,65,68,59,75,74,82
"PCA","BGW02",,,,1158,1185,1217,1186,1165,1164
"PCA","BGW03",,,,418,423,400,385,375,372
"PCA","BGW04",,,,2650,2642,2535,2399,2351,2346
"PCA","BGW05",,,,347,339,349,372,330,276
"PCA","ISC00",1030,1107,1226,,,,,,
"PCA","ISS01",,,,182,191,188,117,116,116
"PCA","ISS02",,,,57,58,60,42,42,42
"PCA","ISS03",,,,0,0,0,0,0,0
"PCA","ISS04",,,,277,276,254,271,271,271
"PCA","ISS05",,,,167,176,161,122,122,122
"PCA","ISS06",,,,50,49,52,52,52,52
"PCA","ISS07",,,,60,58,59,56,56,56
"PCA","ISS08",,,,81,76,78,70,70,70
"PCA","ISS09",,,,4,2,4,3,3,3
"PCA","ISS0Z",,,,50,48,48,29,29,29
"PCC","AYX00",45,43,48,43,,,,,
"PCC","BXF01",,,,,37,28,26,26,26
"PCC","BXF02",,,,,18,22,21,21,21
"PCC","BXF03",,,,,3,6,5,5,5
"PCC","ISC00",22,19,18,,,,,,
"PCC","ISS00",,,,25,17,22,23,23,23
"PCO","BEB00",461,524,594,,,,,,
"PCO","BEF00",28,33,32,,,,,,
"PCO","BEI00",0,12,71,,,,,,
"PCO","BLG00",104,102,116,,,,,,
"PCO","BWW01",,,,85,82,98,82,57,57
"PCO","BWW02",,,,92,94,98,94,94,94
"PCO","BWW03",,,,148,162,134.5,161,161,161
"PCO","BWW04",,,,102,25,23.9,0,0,0
"PCO","BWW05",,,,17,10,12.5,,,
"PCO","BWW06",,,,61,59,65.6,59,59,59
"PCO","BWW07",,,,42,42,34.6,41,41,41
"PCO","BWW08",,,,26,32,37.5,43,43,43
"PCO","BWW09",,,,63,64,68.5,59,59,59
"PCO","ISC00",279,275,298,,,,,,
"PCO","ISS00",,,,544,560,578.6,566,566,566
"PHAC","BVP01",,,,235,207,179,221,219,219
"PHAC","BVP02",,,,191,56,59,55,55,55
"PHAC","BVP03",,,,50,261,246,274,265,262
"PHAC","BVQ01",,,,552,568,558,585,572,572
"PHAC","BVQ02",,,,241,282,258,284,283,283
"PHAC","BVQ03",,,,90,98,90,98,89,89
"PHAC","BVQ04",,,,99,106,102,106,106,106
"PHAC","BVR01",,,,227,239,251,242,242,242
"PHAC","BVR02",,,,78,90,72,91,91,91
"PHAC","BVR03",,,,49,56,58,56,32,32
"PHAC","CIA00",704.3,743,698,,,,,,
"PHAC","CIB00",867.1,794,775,,,,,,
"PHAC","CIC00",299.9,313,306,,,,,,
"PHAC","ISC00",271.4,276,296,,,,,,
"PHAC","ISS01",,,,241,249,192,258,258,258
"PHAC","ISS02",,,,0,0,72,64,64,64
"PHAC","ISS03",,,,0,0,0,0,0,0
"PHAC","ISS04",,,,0,0,98,0,0,0
"PHAC","ISS05",,,,78,81,99,186,185,185
"PHAC","ISS06",,,,0,0,20,18,18,18
"PHAC","ISS07",,,,0,0,109,96,96,96
"PHAC","ISS08",,,,3,3,14,8,8,8
"PHAC","ISS09",,,,0,0,22,17,17,17
"PHAC","ISS0Z",,,,0,0,0,8,8,8
"PMPRB","ALD00",12.8,13.3,11.6,,,,,,
"PMPRB","ALE00",31.1,31.1,30.7,,,,,,
"PMPRB","BVM01",,,,35,45,46,49,49,49
"PMPRB","BVM02",,,,12,13,16,16,16,16
"PMPRB","ISC00",18.6,19.3,18,,,,,,
"PMPRB","ISS00",,,,19,21,20,22,22,22
"PPP","AHZ00",,,,,,,,,
"PPS","AVV00",,,,,,,,,
"PPS","BSW00",,,,,,,,,
"PSC","AEJ00",106,92,112,,,,,,
"PSC","AEL00",261,281,292,,,,,,
"PSC","BHE00",127,115,100,,,,,,
"PSC","BWB01",,,,87.2,101,88,101,101,101
"PSC","BWB02",,,,329.3,351,332,354,353,352
"PSC","BWB03",,,,110.2,114,112,115,115,115
"PSC","ISC00",208,225,238,,,,,,
"PSC","ISS00",,,,270,291,273,293,292,292
"PSEP","AYJ00",166,192,206,,,,,,
"PSEP","AYK00",214,262,245,,,,,,
"PSEP","BLE00",29,31,31,,,,,,
"PSEP","BVS01",,,,96,112,88,101,101,93
"PSEP","BVS02",,,,47,44,38,46,46,46
"PSEP","BVS03",,,,80,25,36,37,37,37
"PSEP","BVT01",,,,67,53,62,49,49,48
"PSEP","BVT02",,,,29,35,39,32,32,32
"PSEP","BVT03",,,,57,70,73,93,84,76
"PSEP","BVT04",,,,27,27,25,23,23,23
"PSEP","BVT05",,,,42,55,60,59,59,59
"PSEP","BVT06",,,,49,47,40,34,34,33
"PSEP","BVU01",,,,57,65,59,55,55,55
"PSEP","BVU02",,,,80,77,71,63,63,63
"PSEP","BVU03",,,,115,122,107,115,115,115
"PSEP","ISC00",391,411,404,,,,,,
"PSEP","ISS01",,,,144,152,164,148,146,143
"PSEP","ISS02",,,,69,77,67,78,78,75
"PSEP","ISS03",,,,6,6,6,7,7,7
"PSEP","ISS04",,,,67,75,56,54,53,53
"PSEP","ISS05",,,,40,45,40,41,41,41
"PSEP","ISS06",,,,31,32,33,28,28,28
"PSEP","ISS07",,,,44,49,47,50,50,50
"PSEP","ISS08",,,,15,17,11,9,9,9
"PSEP","ISS09",,,,,0,0,0,0,0
"PSEP","ISS0Z",,,,18,20,14,15,15,15
"PSEP","LJP00",204,227,233,,,,,,
"RCMP","AYO00",22035,22129,22391,22509,,,,,
"RCMP","AYR00",1366,1319,1273,1250,,,,,
"RCMP","BXG01",,,,,2623,2673,2625,2627,2626
"RCMP","BXG02",,,,,540,560,538,539,532
"RCMP","BXG03",,,,,814,924,805,805,805
"RCMP","BXG04",,,,,40,54,41,41,26
"RCMP","BXG05",,,,,181,164,76,76,76
"RCMP","BXG06",,,,,662,580,632,632,632
"RCMP","BXG07",,,,,316,260,310,310,310
"RCMP","BXH01",,,,,68,84,88,92,96
"RCMP","BXH02",,,,,46,52,52,52,52
"RCMP","BXH03",,,,,658,676,683,684,684
"RCMP","BXH04",,,,,73,65,75,75,75
"RCMP","BXH05",,,,,74,74,80,84,84
"RCMP","BXH06",,,,,1250,1224,1290,1299,1311
"RCMP","BXH07",,,,,375,323,383,392,358
"RCMP","BXH08",,,,,741,702,738,740,740
"RCMP","BXH09",,,,,360,333,395,395,395
"RCMP","BXI01",,,,,10393,9794,10220,10220,10220
"RCMP","BXI02",,,,,5942,5719,5983,5983,5983
"RCMP","BXI03",,,,,473,458,475,475,475
"RCMP","BXI04",,,,,243,255,242,242,242
"RCMP","BXI05",,,,,1384,1463,1599,1599,1599
"RCMP","HGD00",179,174,173,158,,,,,
"RCMP","HGE00",90,89,86,85,,,,,
"RCMP","HGF00",0,0,0,0,,,,,
"RCMP","ISC00",5343,5463,5632,,,,,,
"RCMP","ISS01",,,,792,467,452,445,445,445
"RCMP","ISS02",,,,153,238,236,238,238,238
"RCMP","ISS03",,,,13,15,13,15,15,15
"RCMP","ISS04",,,,2692,1768,1635,1730,1730,1730
"RCMP","ISS05",,,,435,439,435,422,422,422
"RCMP","ISS06",,,,303,112,109,113,113,113
"RCMP","ISS07",,,,779,270,244,267,267,267
"RCMP","ISS08",,,,321,230,194,220,220,220
"RCMP","ISS09",,,,295,235,227,234,234,234
"RCMP","ISS0Z",,,,85,89,84,86,86,86
"SC","AQL00",1087,1444,653,,,,,,
"SC","AQM00",1384,1435,1477,,,,,,
"SC","AQN00",1136,1141,1107,,,,,,
"SC","AQR00",954,765,929,,,,,,
"SC","AQT00",1013,1044,0,,,,,,
"SC","BNV01",,,,1469,1296,1446,1307,1302,1301
"SC","BNV02",,,,1056,998,1108,1022,997,993
"SC","BNV03",,,,639,698,645,1038,1388,556
"SC","BNV04",,,,1331,1308,0,1251,1251,1251
"SC","BNV05",,,,1003,1295,981,1182,1164,1154
"SC","ISC00",586,653,607,,,,,,
"SC","ISS01",,,,49,57,45,54,54,54
"SC","ISS02",,,,20,20,17,16,16,16
"SC","ISS03",,,,0,0,0,0,0,0
"SC","ISS04",,,,181,169,163,160,155,155
"SC","ISS05",,,,157,140,154,160,160,160
"SC","ISS06",,,,38,39,35,43,43,43
"SC","ISS07",,,,160,162,107,106,106,106
"SC","ISS08",,,,26,23,28,30,30,30
"SC","ISS09",,,,7,7,5,5,5,5
"SC","ISS0Z",,,,7,9,12,11,11,11
"SCA","AQK00",,,,,,,,,
"SCA","BNS00",,,,,,,,,
"SCC","ASW00",136,137,141,,,,,,
"SCC","BRH01",,,,149,146,159,158,158,158
"SCC","BRH02",,,,0,0,0,0,0,0
"SCC","HGK00",0,0,0,,,,,,
"SCC","ISC00",65,67,67,,,,,,
"SCC","ISS00",,,,69,69,72,74,74,74
"SEN","AVN00",,,,,,,,,
"SEN","AVP00",,,,,,,,,
"SEN","AVQ00",,,,,,,,,
"SEN","BSX00",,,,,,,,,
"SEN","BSY00",,,,,,,,,
"SEN","BSZ00",,,,,,,,,
"SHARE","BFS00",,,302,,,,,,
"SHARE","BFT00",,,1565,,,,,,
"SHARE","BFU00",,,1491,,,,,,
"SHARE","BFV00",,,597,,,,,,
"SHARE","BFW00",,,940,,,,,,
"SHARE","BFX00",,,7,,,,,,
"SHARE","BMO00",4803,4689,,,,,,,
"SHARE","BWC01",,,,117.31,154,60.6,,,
"SHARE","BWC02",,,,0.11,12,7.26,,,
"SHARE","BWC03",,,,8.33,11,4.33,,,
"SHARE","BWC04",,,,169.77,160,171.21,,,
"SHARE","BWC05",,,,,12,60.6,,,
"SHARE","BWC06",,,,,,,307,307,307
"SHARE","BWD01",,,,21.39,24,20.16,,,
"SHARE","BWD02",,,,0,0,0,,,
"SHARE","BWD03",,,,128.27,131,133.87,,,
"SHARE","BWD04",,,,142.01,146,140.78,,,
"SHARE","BWD05",,,,126.33,137,128.51,,,
"SHARE","BWD06",,,,654.59,823,702.79,,,
"SHARE","BWD07",,,,172.44,183,182.5,,,
"SHARE","BWD08",,,,183.3,179,195.39,,,
"SHARE","BWD09",,,,157.15,65,160.99,163,163,163
"SHARE","BWD10",,,,,,,1523,1523,1523
"SHARE","BWE01",,,,503.29,573,587.07,,,
"SHARE","BWE02",,,,202.88,473,226.94,,,
"SHARE","BWE03",,,,10.56,8,10.22,,,
"SHARE","BWE04",,,,11.16,9,13.18,,,
"SHARE","BWE05",,,,360.92,354,390.85,,,
"SHARE","BWE06",,,,66.71,68,65.43,,,
"SHARE","BWE07",,,,58.5,53,60.48,,,
"SHARE","BWE08",,,,265.62,4,261.82,,,
"SHARE","BWE09",,,,,,,823,812,812
"SHARE","BWE10",,,,,,,866,872,872
"SHARE","BWF02",,,,25.06,38,24.78,,,
"SHARE","BWF03",,,,250.53,498,522.59,,,
"SHARE","BWF04",,,,81.4,9,87.21,,,
"SHARE","BWF05",,,,66.22,82,73.43,,,
"SHARE","BWF07",,,,,,,740,716,716
"SHARE","BWG01",,,,322.95,418,307.57,,,
"SHARE","BWG02",,,,516.63,542,545.18,,,
"SHARE","BWG03",,,,474.24,522,375.25,,,
"SHARE","BWG04",,,,,,,1244,1244,1237
"SHARE","ISC00",865,907,1073,,,,,,
"SHARE","ISS01",,,,182.08,197,185.29,211,211,211
"SHARE","ISS02",,,,112.64,109,112.51,118,118,118
"SHARE","ISS03",,,,0,0,0,0,0,0
"SHARE","ISS04",,,,285.87,300,255.76,268,268,268
"SHARE","ISS05",,,,241.82,285,236.4,249,249,249
"SHARE","ISS06",,,,45.45,57,55.25,58,58,58
"SHARE","ISS07",,,,143.08,173,130.11,162,162,162
"SHARE","ISS08",,,,33.78,45,31.85,33,33,33
"SHARE","ISS09",,,,0,0,0,0,0,0
"SHARE","ISS0Z",,,,185.96,203,181.83,190,190,190
"SIRC","AWV00",4,6.8,7.04,,,,,,
"SIRC","AWW00",8,10.2,11.56,,,,,,
"SIRC","BWY01",,,,12.49,14.2,18,,,
"SIRC","BWY02",,,,5.59,8.1,6.5,,,
"SIRC","BXW01",,,,,,,48,75,75
"SIRC","ISC00",5.5,8,10.02,,,,,,
"SIRC","ISS00",,,,10.76,14.7,7.5,22,25,25
"SSHRC","AQA00",59,63,61,,,,,,
"SSHRC","AQB00",50,51,53,,,,,,
"SSHRC","AQD00",3,2,2,,,,,,
"SSHRC","AQZ00",6,6,6,,,,,,
"SSHRC","BMS00",12,13,13,,,,,,
"SSHRC","BNT01",,,,66,76,75,81,81,81
"SSHRC","BNT02",,,,37,37,40,40,40,40
"SSHRC","BNT03",,,,28,32,31,38,38,38
"SSHRC","BNT04",,,,10,14,18,16,16,16
"SSHRC","BNU01",,,,3,4,7,7,7,7
"SSHRC","ISC00",88,93,94,,,,,,
"SSHRC","ISS01",,,,29,41,37,30,30,30
"SSHRC","ISS02",,,,11,13,14,11,11,11
"SSHRC","ISS03",,,,0,0,1,1,1,1
"SSHRC","ISS04",,,,9,12,11,9,9,9
"SSHRC","ISS05",,,,9,10,10,9,9,9
"SSHRC","ISS06",,,,3,5,4,3,3,3
"SSHRC","ISS07",,,,32,26,36,33,33,33
"SSHRC","ISS08",,,,3,2,1,3,3,3
"SSHRC","ISS09",,,,4,0,1,4,4,4
"SSHRC","ISS0Z",,,,1,2,2,1,1,1
"SWC","BWH01",,,,,,,,,
"SWC","BWH02",,,,,,,,,
"SWC","BXR01",,,,,110,87,88,89,89
"SWC","BXR02",,,,,98,107,134,142,135
"SWC","CCA00",17,19,37,,,,,,
"SWC","CCB00",38,43,42,,,,,,
"SWC","ISC00",44,51,65,,,,,,
"SWC","ISS00",,,,87,92,95,99,101,98
"TBC","BJV00",0,0,,,,,,,
"TBC","BXA01",,,187,186,171,169,169,169,169
"TBC","BXA02",,,84,77,126,126,133,133,133
"TBC","BXA03",,,31,46,,,,,
"TBC","BXA04",,,,,0,0,0,0,0
"TBC","BXB01",,,281,263,103,86,86,86,86
"TBC","BXB02",,,141,166,154,113,99,99,99
"TBC","BXB03",,,150,217,203,116,93,93,93
"TBC","BXB04",,,17,23,20,17,21,21,21
"TBC","BXB05",,,,,71,55,50,50,49
"TBC","BXB06",,,,,66,51,59,61,14
"TBC","BXB07",,,,,51,52,52,52,52
"TBC","BXB08",,,,,20,16,16,16,16
"TBC","BXB09",,,,,67,68,0,0,0
"TBC","BXB10",,,,,13,13,11,11,11
"TBC","BXB11",,,,,18,0,13,2,2
"TBC","BXC01",,,138,143,150,142,137,143,140
"TBC","BXC02",,,99,90,100,98,97,53,53
"TBC","BXC03",,,198,236,159,143,107,106,106
"TBC","BXC04",,,,0,0,0,0,0,0
"TBC","BXC05",,,,,57,43,42,42,42
"TBC","BXC06",,,,,66,6,5,6,6
"TBC","BXC07",,,,,,,42,42,42
"TBC","BXD01",,,28,23,55,63,71,57,58
"TBC","BXD02",,,12,29,,,,,
"TBC","DAC00",332,337,,,,,,,
"TBC","DAD00",466,506,,,,,,,
"TBC","DAE00",428,498,,,,,,,
"TBC","ISC00",580.757,581,,,,,,,
"TBC","ISS01",,,126,131,133,133,134,134,134
"TBC","ISS02",,,92,94,99,85,85,85,85
"TBC","ISS03",,,23,26,31,25,26,26,26
"TBC","ISS04",,,120,105,120,118,117,114,114
"TBC","ISS05",,,92,102,102,91,91,91,91
"TBC","ISS06",,,16,15,15,37,24,24,24
"TBC","ISS07",,,103,101,107,93,103,103,103
"TBC","ISS08",,,12,16,12,17,15,15,15
"TBC","ISS09",,,11,11,9,9,9,9,9
"TBC","ISS0Z",,,10,11,15,10,10,10,10
"TC","BAY00",173,158,191,,,,,,
"TC","BAZ00",33,14,24,,,,,,
"TC","BBC00",251,222,211,,,,,,
"TC","BBH00",64,62,75,,,,,,
"TC","BBI00",96,78,125,,,,,,
"TC","BBN00",123,108,125,,,,,,
"TC","BBO00",1568,1470,1484,,,,,,
"TC","BBU00",608,554,605,,,,,,
"TC","BCK00",212,190,208,,,,,,
"TC","BCN00",81,79,79,,,,,,
"TC","BCO00",228,246,275,,,,,,
"TC","BCQ00",269,249,231,,,,,,
"TC","BCR00",111,100,107,,,,,,
"TC","BCT00",43,41,46,,,,,,
"TC","BTW01",,,,239,243.9,234.5,255,253,185
"TC","BTW02",,,,633,513.06,639.52,612,615,610
"TC","BTW03",,,,389,464.94,419.31,442,440,412
"TC","BTW04",,,,77,80.14,65.7,67,67,67
"TC","BTW05",,,,183,188.56,171.35,190,191,192
"TC","BTW06",,,,305,314.55,322.69,353,358,362
"TC","BTW07",,,,91,93.99,82.78,100,100,100
"TC","BTW08",,,,164,171.92,178.04,181,182,167
"TC","BTW09",,,,259,249.44,255.66,275,252,252
"TC","BTW10",,,,18,9.82,15.01,12,12,12
"TC","BTW11",,,,89,92.57,87.15,89,90,89
"TC","BTW12",,,,55,75.34,83.27,78,78,91
"TC","BTW13",,,,24,19.74,13.83,20,20,20
"TC","BTW14",,,,183,180.84,144.78,203,204,204
"TC","BTW15",,,,3,3.21,0.7,3,3,3
"TC","BTW16",,,,66,122.71,35.94,58,59,34
"TC","BTW17",,,,45,192.01,116.52,204,201,186
"TC","BTW18",,,,25,21.97,22.56,23,23,23
"TC","BTW19",,,,31,34.58,18.82,38,38,38
"TC","BTW20",,,,60,62.76,25.96,50,50,50
"TC","BTW21",,,,179,184.59,103.49,199,199,199
"TC","BTW22",,,,51,55.46,29.56,64,64,64
"TC","BTW23",,,,124,,,,,
"TC","BTW24",,,,43,57.17,26.4,46,46,27
"TC","BTW25",,,,35,45.8,40.41,41,42,41
"TC","BTX01",,,,80,83,84.99,98,83,76
"TC","BTX02",,,,337,363.54,334.44,373,356,253
"TC","BTX03",,,,83,87.05,91.74,82,82,79
"TC","BTX04",,,,39,50.05,48.93,43,43,35
"TC","BTX05",,,,32,44.88,45.52,51,50,48
"TC","BTY01",,,,178,174.75,175.49,180,177,177
"TC","BTY02",,,,46,59.41,44.48,52,53,45
"TC","BTY03",,,,210,209.9,198.55,238,237,221
"TC","BTY04",,,,37,44.35,44.66,48,47,47
"TC","CHA00",177,159,197,,,,,,
"TC","ISC00",1226,1085,1225,,,,,,
"TC","ISS01",,,,318,324.89,304,329,307,267
"TC","ISS02",,,,113,125.39,105.75,109,109,105
"TC","ISS03",,,,18,17.24,11.89,13,13,11
"TC","ISS04",,,,219,235.46,185.27,221,218,207
"TC","ISS05",,,,231,246.04,286.05,248,245,229
"TC","ISS06",,,,99,114.28,0,90,87,78
"TC","ISS07",,,,273,263.17,295.06,247,249,243
"TC","ISS08",,,,61,76.82,0,51,52,50
"TC","ISS09",,,,6,14.91,0,6,6,6
"TC","ISS0Z",,,,39,30.07,0,32,30,29
"TOUR","AOB00",,,,,,,,,
"TOUR","BKZ00",,,,,,,,,
"TRC","BJW00",,,,,,,,,
"TRC","ISC00",,,,,,,,,
"VAC","BBX00",1599,1097.5,1140.5,,,,,,
"VAC","BCJ00",33.8,32,34.1,,,,,,
"VAC","BCX00",83.7,91,88.5,,,,,,
"VAC","BNC00",645.3,715.6,743.7,,,,,,
"VAC","BND00",49.9,74.1,77,,,,,,
"VAC","BWI01",,,,230.1,,,,,
"VAC","BWI02",,,,497,,,,,
"VAC","BWI03",,,,63.8,,,,,
"VAC","BWI04",,,,42.3,,,,,
"VAC","BWI05",,,,3.1,,,,,
"VAC","BWI06",,,,435.4,476.9,473.6,424,424,424
"VAC","BWI07",,,,411.6,452.1,449.1,402,402,402
"VAC","BWI08",,,,109.7,119.7,118.9,107,107,107
"VAC","BWI09",,,,244.6,266.8,265,237,237,237
"VAC","BWI10",,,,18.1,20.9,20.8,19,19,19
"VAC","BWI11",,,,8.3,8.7,8.6,8,8,8
"VAC","BWI12",,,,3.6,80.6,80,72,72,72
"VAC","BWI13",,,,3.6,1.9,1.9,2,2,2
"VAC","BWI14",,,,0.5,0.6,0.6,,,
"VAC","BWI15",,,,4.7,5.1,5,,,
"VAC","BWI16",,,,,893.1,887,795,794,795
"VAC","BWI17",,,,,,,,,
"VAC","BWI18",,,,,,,5,5,5
"VAC","BWJ01",,,,84.2,88,92.8,90,90,90
"VAC","BWJ02",,,,1.8,2,2.6,3,3,3
"VAC","BWK01",,,,34.3,32.5,38,38,38,38
"VAC","ISC00",597.7666,626,645.7,,,,,,
"VAC","ISS01",,,,138,154.3,141.9,139,138,138
"VAC","ISS02",,,,56.4,70,61.9,61,60,60
"VAC","ISS03",,,,4.3,4.7,4.6,5,4,4
"VAC","ISS04",,,,114.7,134.7,125.6,123,122,122
"VAC","ISS05",,,,113.1,115,120,117,117,117
"VAC","ISS06",,,,23.6,23.6,26.9,26,26,26
"VAC","ISS07",,,,168.2,192,187.3,183,182,182
"VAC","ISS08",,,,31.1,33.1,34.5,34,34,34
"VAC","ISS09",,,,13.9,13.1,12.8,13,12,12
"VAC","ISS0Z",,,,7.7,8.6,7.6,7,7,7
"VIA","BIZ00",,,,,,,,,
"VIA","BTZ00",,,,,,,,,
"VRAB","BWL01",,,,84,83,101,101,101,101
"VRAB","ISS00",,,,,0,0,0,0,0
"VRAB","LJQ00",97,92,86,,,,,,
"WDBA","BTQ00",,,,,,,,,
"WDBA","CHB00",,,,,,,,,
"WDO","BCE00",38,48,45,,,,,,
"WDO","BCW00",56,58,60,,,,,,
"WDO","BNW01",,,,88,103,90,104,104,80
"WDO","BNW02",,,,63,67,63,64,64,64
"WDO","BNW03",,,,41,44,40,42,42,42
"WDO","BNW04",,,,20,23,18,22,22,19
"WDO","CJA00",99,94,97,,,,,,
"WDO","ISC00",94,92,91,,,,,,
"WDO","ISS00",,,,97,97,89,95,95,95

