"tag_id","parent_id","name_en","name_fr","desc_en","desc_fr"
701,"CCOFOG","General public services","Services généraux des administrations publiques",,
702,"CCOFOG","Defense","Défense",,
703,"CCOFOG","Public order and safety","Ordre et sécurité publics",,
704,"CCOFOG","Economic affairs","Affaires économiques",,
705,"CCOFOG","Environmental protection","Protection de l'environnement",,
706,"CCOFOG","Housing and community amenities","Logement et équipements collectifs",,
707,"CCOFOG","Health","Santé",,
708,"CCOFOG","Recreation, culture, and religion","Loisirs, culture et religion",,
709,"CCOFOG","Education","Enseignement",,
710,"CCOFOG","Social protection","Protection sociale",,
"HI1035","HI","Implementing a New Federal Framework for the","Mettre en oeuvre un nouveau cadre fédéral pour la le","The objective of this horizontal initiative is to implement and administer a new federal framework to legalize and strictly regulate cannabis once the Cannabis Act comes into force. The initiative is","L’objectif de cette initiative horizontale est de mettre en œuvre et d’administrer un nouveau cadre fédéral pour la légalisation et la réglementation stricte du cannabis une fois que Loi sur"
"MOD002","HWH","Management / Oversight of Federal Activities","Gestion et surveillance des activités fédérales","This refers to programs which are focussed on the development, oversight, guidance and outreach of policies or legislation, that are aimed at the management of organisations within the federal governm","Se réfère aux programmes qui se penchent sur l'établissement, la provision de conseils,  la surveillance et la sensibilisation de politiques ou loi visant principalement  la gestion des ministèr"
"SA0001","GOCO","Economic Affairs","Affaires économiques",,
"SA0002","GOCO","Government Affairs","Affaires gouvernementales",,
"SA0003","GOCO","International Affairs","Affaires internationales",,
"SA0004","GOCO","Social Affairs","Affaires sociales",,
"SA0005","GOCO","Internal Services","Services internes",,
"SA9999","GOCO","Crown Corporations","Sociétés d'État",,
"TGC001","WWH","Economic Segments","Segments économiques",,
7011,701,"Executive and legislative organs, financial a","Fonctionnement des organes exécutifs et législatifs,",,
7012,701,"Foreign economic aid","Aide économique extérieure",,
7013,701,"General services","Services généraux",,
7014,701,"Basic research","Recherche fondamentale",,
7015,701,"R&D General public services","R-D concernant les services généraux des administrat",,
7016,701,"General public services n.e.c.","Services généraux des administrations publiques n.c.",,
7017,701,"Public debt transactions","Opérations concernant la dette publique",,
7018,701,"Transfers of a general character between diff","Transferts de caractère général entre les administr",,
7021,702,"Military defense","Défense militaire",,
7022,702,"Civil defense","Défense civile",,
7023,702,"Foreign military aid","Aide militaire à des pays étrangers",,
7024,702,"R&D Defense","R-D concernant la défense",,
7025,702,"Defense n.e.c.","Défense n.c.a.",,
7031,703,"Police services","Services de police",,
7032,703,"Fire protection services","Services de protection civile",,
7033,703,"Law courts","Tribunaux",,
7034,703,"Prisons","Administration pénitentiaire",,
7035,703,"R&D Public order and safety","R-D concernant l'ordre et la sécurité publics",,
7036,703,"Public order and safety n.e.c.","Ordre et sécurité publics n.c.a.",,
7041,704,"General economic, commercial, and labor affai","Tutelle de l'économie générale, des échanges et de",,
7042,704,"Agriculture, forestry, fishing, and hunting","Agriculture, sylviculture, pêche et chasse",,
7043,704,"Fuel and energy","Combustibles et énergie",,
7044,704,"Mining, manufacturing, and construction","Industries extractives et manufacturières, constructi",,
7045,704,"Transport","Transports",,
7046,704,"Communication","Communications",,
7047,704,"Other industries","Autres branches d'activité",,
7048,704,"R&D Economic affairs","R-D concernant les affaires économiques",,
7049,704,"Economic affairs n.e.c.","Affaires économiques n.c.a.",,
7051,705,"Waste management","Gestion des déchets",,
7052,705,"Waste water management","Gestion des eaux usées",,
7053,705,"Pollution abatement","Lutte contre la pollution",,
7054,705,"Protection of biodiversity and landscape","Préservation de la diversité biologique et protectio",,
7055,705,"R&D Environmental protection","R-D dans le domaine de la protection de l'environnemen",,
7056,705,"Environmental protection n.e.c.","Protection de l'environnement n.c.a.",,
7061,706,"Housing development","Logement",,
7062,706,"Community development","Équipements collectifs",,
7063,706,"Water supply","Alimentation en eau",,
7064,706,"Street lighting","Éclairage public",,
7065,706,"R&D Housing and community amenities","R-D dans le domaine du logement et des équipements co",,
7066,706,"Housing and community amenities n.e.c.","Logement et équipements collectifs n.c.a.",,
7071,707,"Medical products, appliances, and equipment","Produits, appareils et matériels médicaux",,
7072,707,"Outpatient services","Services ambulatoires",,
7073,707,"Hospital services","Services hospitaliers",,
7074,707,"Public health services","Services de santé publique",,
7075,707,"R&D Health","R-D dans le domaine de la santé",,
7076,707,"Health n.e.c.","Santé n.c.a.",,
7081,708,"Recreation, culture, and religion n.e.c.","Loisirs, culture et religion n.c.a.",,
7082,708,"Cultural services","Services culturels",,
7083,708,"Broadcasting and publishing services","Services de radiodiffusion, de télévision et d'édit",,
7084,708,"Religious and other community services","Services religieux et autres services communautaires",,
7085,708,"R&D Recreation, culture, and religion","R-D dans le domaine des loisirs, de la culture et de l",,
7086,708,"Recreational and sporting services","Services récréatifs et sportifs",,
7092,709,"Primary and Secondary education","Enseignement primaire et secondaire",,
7093,709,"College education","Enseignement collégial",,
7094,709,"University education","Enseignement universitaire",,
7095,709,"Education not definable by level","Enseignement non défini par niveau",,
7096,709,"Subsidiary services to education","Services annexes à l'enseignement",,
7097,709,"R&D Education","R-D dans le domaine de l'enseignement",,
7098,709,"Education n.e.c.","Enseignement n.c.a.",,
7101,710,"Sickness and disability","Maladie et invalidité",,
7102,710,"Old age","Vieillesse",,
7103,710,"Survivors","Survivants",,
7104,710,"Family and children","Famille et enfants",,
7105,710,"Unemployment","Chômage",,
7106,710,"Housing","Logement",,
7107,710,"Social exclusion n.e.c.","Exclusion sociale n.c.a.",,
7108,710,"R&D Social protection","R-D dans le domaine de la protection sociale",,
7109,710,"Social protection n.e.c.","Protection sociale n.c.a.",,
"HI1006","HI","Chemicals Management Plan","Plan de gestion des produits chimiques","Originally launched in 2006, the Chemicals Management Plan (CMP) enables the Government of Canada to protect human health and the environment by addressing substances of concern in Canada.

Jointly","Lancé en 2006, le Plan de gestion des produits chimiques (PGPC) permet au gouvernement du Canada de protéger la santé humaine et l’environnement en prenant des mesures à l’égard des substance"
"HI1014","HI","Indian Residential Schools Settlement Agreeme","Convention de règlement relative aux pensionnats indi","INAC supports former students in crisis by funding the National Indian Residential School Crisis Line, a national, 24-hour toll-free support service (1-866-925-4419) operated by trained crisis counsel","Le Secteur de la résolution et des affaires individuelles d'AANC soutient les anciens élèves en situation de crise par le financement de la ligne d'écoute téléphonique (1-866-925-4419) du progra"
"HI1017","HI","Major Projects Management Office Initiative","Initiative du Bureau de gestion des grands projets","Established in 2007 to improve the performance of the review process for major natural resource projects, the MPMOI is a horizontal initiative across 12 federal departments and agencies. The Initiativ","Mise sur pied en 2007 en vue d’améliorer le rendement du processus d’examen des grands projets de ressources naturelles, l’Initiative du BGGP est une initiative horizontale touchant 12 ministè"
"HI1020","HI","Nutrition North Canada","Nutrition Nord Canada","The objective of the Nutrition North Canada Program is to help make perishable, nutritious food more accessible and affordable than it otherwise would be to residents of eligible isolated northern com","L'objectif du programme Nutrition Nord Canada est de veiller à ce que les résidents des collectivités nordiques isolées privées d'une route, d'un chemin de fer ou d'un service maritime praticable"
"HI1021","HI","Investing in Canada Plan","Plan Investir dans le Canada","The Investing in Canada Plan (the Plan) is the Government of Canada's national strategy to address Canada's aging infrastructure and rebuild the nation for the 21st Century. Through the Investing in C","Le plan Investir dans le Canada (le Plan) incarne la stratégie nationale du gouvernement du Canada visant à rajeunir les infrastructures vieillissantes du Canada et à rebâtir le Canada pour le 21e"
"HI1027","HI","Youth Employment Strategy","Stratégie emploi jeunesse","Through the Youth Employment Strategy (YES), the Government of Canada helps youth aged 15 to 30 to get the information and develop the job skills, abilities and experience they need to get good-qualit","Dans le cadre de la SEJ, le gouvernement du Canada aide les jeunes de 15 à 30 ans à trouver de l’information et à acquérir les compétences, les capacités et l’expérience professionnelles do"
"HI1028","HI","Federal Contaminated Sites Action Plan (FCSAP","Plan d'action pour les sites contaminés fédéraux","The FCSAP provides a long-term mechanism to address the highest priority federal contaminated sites. Although responsibility for the management and remediation of federal contaminated sites rests with","Le PASCF offre un mécanisme à long terme permettant de traiter les sites contaminés fédéraux les plus prioritaires. Bien que la responsabilité des activités de gestion et d’assainissement des"
"HI1029","HI","Horizontal Management Framework (HMF) for Cle","Cadre de gestion horizontal en matière de croissance","The Government of Canada has begun implementing its Pan-Canadian Framework on Clean Growth and Climate Change. This involves a number of horizontal initiatives that will help Canada meet its 2030 targ","Le Gouvernement du Canada a commencé la mise en œuvre du Cadre pancanadien en matière de croissance propre et changement climatique. La mise en œuvre comporte un certain nombre d’initiatives qui"
"HI1030","HI","Addressing Air Pollution","Lutte contre la pollution atmosphérique","Air pollution threatens the health of Canadians, degrades the environment, and can reduce economic productivity. It is linked with increased incidences of stroke, heart disease and acute respiratory d","La pollution atmosphérique constitue une menace pour la santé des Canadiens, détériore l’environnement et peut réduire la productivité économique. Elle est liée à une incidence accrue des a"
"HI1031","HI","Canada’s Strategy to Prevent and Address Ge","Financement servant à mettre en œuvre la Stratégie","It’s Time: Canada’s Strategy to Prevent and Address Gender-Based Violence (the Strategy) is the Government of Canada’s response to Gender-Based Violence (GBV). It is based on three pillars: prev","Il est temps : Stratégie du Canada pour prévenir et contrer la violence fondée sur le sexe est la réponse du gouvernement du Canada à la violence fondée sur le sexe (VFS). Cette stratégie repos"
"HI1032","HI","Canadian Drug and Substances Strategy","Stratégie canadienne sur les drogues et autres substa","The Government of Canada is committed to a comprehensive, collaborative, compassionate and evidence-based approach to drug policy, which uses a public health lens when considering and addressing drug","Le gouvernement du Canada s’engage à adopter une approche globale, collaborative, humaniste et fondée sur des données probantes pour la stratégie sur les drogues, dans l’optique de la santé p"
"HI1033","HI","Oceans Protection Plan","Plan de protection des océans","Canada has the world's longest coastline, and our water is one of our most important resources. Canadians across the country rely on transportation to go about their everyday life or to deliver produc","Le Canada a les côtes les plus étendues du monde, et l'eau est l'une de nos plus importantes ressources. Les Canadiens de partout au pays dépendent des transports pour vaquer à leurs activités qu"
"HI1036","HI","Addressing Drug-Impaired Driving in Canada","Gérer la conduite avec facultés affaiblies par la dr","The objective of the horizontal initiative is to build law enforcement training capacity to enforce new and stronger laws related to drug-impaired driving.

The initiative is designed to follow thro","L’objectif de l’initiative horizontale est de renforcer la capacité de formation en matière d’application de la loi pour faire appliquer de nouvelles lois plus strictes en matière de conduite"
"HI1037","HI","Addressing the Opioid Crisis","Gérer la crise des opioïdes",,
"HI1038","HI","Initiative to Protect and Recover Endangered","Initiative de protection et de rétablissement des pop",,
"HI1039","HI","Taking Action Against Guns and Gangs","Prendre des mesures contre les armes à feu et les gan",,
"HI1043","HI","Impact Assessment","Évaluation d'impact",,
"HI1044","HI","Canada's Nature Legacy","Patrimoine naturel du Canada",,
70111,7011,"Executive and legislative organs","Fonctionnement des organes exécutifs et législatifs",,
70112,7011,"Financial and fiscal affairs","Affaires financières et fiscales",,
70113,7011,"External affairs","Affaires étrangères",,
70121,7012,"Economic aid to developing countries and coun","Aide économique aux pays en développement ou en tran",,
70122,7012,"Economic aid routed through international org","Aide économique par l'intermédiaire d'organisations",,
70131,7013,"General personnel services","Services généraux de personnel",,
70132,7013,"Overall planning and statistical services","Services généraux de planification et de statistique",,
70133,7013,"Other general services","Autres services généraux",,
70149,7014,"Basic research","Recherche fondamentale",,
70159,7015,"R&D General public services","R-D concernant les services généraux des administrat",,
70169,7016,"General public services n.e.c.","Services généraux des administrations publiques n.c.",,
70179,7017,"Public debt transactions","Opérations concernant la dette publique",,
70181,7018,"General purpose transfers to the Federal gove","Transferts à des fins générales à l'administration",,
70182,7018,"General purpose transfers to Provincial and T","Transferts à des fins générales aux administrations",,
70183,7018,"General purpose transfers to Local government","Transferts à des fins générales aux administrations",,
70219,7021,"Military defense","Défense militaire",,
70229,7022,"Civil defense","Défense civile",,
70239,7023,"Foreign military aid","Aide militaire à des pays étrangers",,
70249,7024,"R&D Defense","R-D concernant la défense",,
70259,7025,"Defense n.e.c.","Défense n.c.a.",,
70319,7031,"Police services","Services de police",,
70329,7032,"Fire protection services","Services de protection civile",,
70331,7033,"Parole and probation systems","Programmes de mises en liberté et de mise à l'épreu",,
70332,7033,"Legal aid","Aide juridique",,
70333,7033,"Administrative tribunals, ombudsmen and the l","Tribunaux administratifs, médiateurs et services anal",,
70339,7033,"Law courts n.e.c.","Tribunaux n.c.a.",,
70341,7034,"Adult Corrections","Services correctionnels pour adultes",,
70342,7034,"Youth Corrections","Services correctionnels pour jeunes",,
70349,7034,"Prisons","Administration pénitentiaire",,
70359,7035,"R&D Public order and safety","R-D concernant l'ordre et la sécurité publics",,
70369,7036,"Public order and safety n.e.c.","Ordre et sécurité publics n.c.a.",,
70411,7041,"General economic and commercial affairs","Tutelle de l'économie générale et des échanges",,
70412,7041,"General labor affairs","Affaires générales concernant l'emploi",,
70413,7041,"Citizenship and immigration","Citoyenneté et immigration",,
70421,7042,"Agriculture","Agriculture",,
70422,7042,"Forestry","Sylviculture",,
70423,7042,"Fishing and hunting","Pêche et chasse",,
70431,7043,"Coal and other solid mineral fuels","Charbon et autres combustibles minéraux solides",,
70432,7043,"Petroleum and natural gas","Pétrole et gaz naturel",,
70433,7043,"Nuclear fuel","Combustible nucléaire",,
70434,7043,"Other fuels","Autres combustibles",,
70435,7043,"Electricity","Électricité",,
70436,7043,"Non-electric energy","Énergie non électrique",,
70439,7043,"Fuel and energy n.e.c","Combustibles et énergie n.a.c",,
70441,7044,"Mining of mineral resources other than minera","Extraction de ressources minérales autres que les com",,
70442,7044,"Manufacturing","Industries manufacturières",,
70443,7044,"Construction","Construction",,
70451,7045,"Road transport","Transports routiers",,
70452,7045,"Water transport","Transports par voie d'eau",,
70453,7045,"Railway transport","Transports par voie ferrée",,
70454,7045,"Air transport","Transports aériens",,
70455,7045,"Pipeline and other transport","Pipelines et systèmes de transport divers",,
70456,7045,"Public Transit","Transport en commun",,
70459,7045,"Transport n.e.c","Transports n.a.c",,
70469,7046,"Communication","Communications",,
70471,7047,"Distributive trades, storage, and warehousing","Distribution, entrepôts et magasins",,
70472,7047,"Hotels and restaurants","Hôtellerie et restauration",,
70473,7047,"Tourism","Tourisme",,
70474,7047,"Multipurpose development projects","Projets de développement polyvalents",,
70481,7048,"R&D General economic, commercial, and labor a","R-D concernant la tutelle de l'économie générale, d",,
70482,7048,"R&D Agriculture, forestry, fishing and huntin","R-D concernant l'agriculture, la sylviculture, la pêc",,
70483,7048,"R&D Fuel and energy","R-D concernant les combustibles et l'énergie",,
70484,7048,"R&D Mining, manufacturing, and construction","R-D concernant les industries extractives et manufactu",,
70485,7048,"R&D Transport","R-D concernant les transports",,
70486,7048,"R&D Communication","R-D concernant les communications",,
70487,7048,"R&D Other industries","R-D concernant d'autres branches d'activité",,
70499,7049,"Economic affairs n.e.c.","Affaires économiques n.c.a.",,
70519,7051,"Waste management","Gestion des déchets",,
70521,7052,"Rain water management","Gestion des eaux de pluviales",,
70529,7052,"Waste water management n.e.c.","Gestion des eaux usées n.c.a.",,
70539,7053,"Pollution abatement","Lutte contre la pollution",,
70549,7054,"Protection of biodiversity and landscape","Préservation de la diversité biologique et protectio",,
70559,7055,"R&D Environmental protection","R-D dans le domaine de la protection de l'environnemen",,
70569,7056,"Environmental protection n.e.c.","Protection de l'environnement n.c.a.",,
70619,7061,"Housing development","Logement",,
70629,7062,"Community development","Équipements collectifs",,
70631,7063,"Water supply and waste water management - no","Alimentation en eau et gestion des eaux usées - Distr",,
70639,7063,"Water supply","Alimentation en eau",,
70649,7064,"Street lighting","Éclairage public",,
70659,7065,"R&D Housing and community amenities","R-D dans le domaine du logement et des équipements co",,
70669,7066,"Housing and community amenities n.e.c.","Logement et équipements collectifs n.c.a.",,
70711,7071,"Pharmaceutical products","Produits pharmaceutiques",,
70712,7071,"Other medical products","Produits médicaux divers",,
70713,7071,"Therapeutic appliances and equipment","Appareils et matériel thérapeutiques",,
70719,7071,"Medical products, appliances, and equipment n","Produits, appareils et matériels médicaux n.c.a.",,
70721,7072,"General medical services","Services de médecine générale",,
70722,7072,"Specialized medical services","Services de médecine spécialisée",,
70723,7072,"Dental services","Services dentaires",,
70724,7072,"Paramedical services","Services paramédicaux",,
70729,7072,"Outpatient services n.e.c.","Services ambulatoires n.c.a.",,
70731,7073,"General hospital services","Services hospitaliers généraux",,
70732,7073,"Specialized hospital services","Services hospitaliers spécialisés",,
70733,7073,"Medical and maternity center services","Services des dispensaires et des maternités",,
70734,7073,"Nursing and convalescent home services","Services des maisons de repos et des maisons de santé",,
70739,7073,"Hospital services n.e.c.","Services hospitaliers n.c.a.",,
70749,7074,"Public health services","Services de santé publique",,
70759,7075,"R&D Health","R-D dans le domaine de la santé",,
70761,7076,"Health prevention programs (collective)","Programmes de prévention en santé (collectif)",,
70769,7076,"Health n.e.c.","Santé n.c.a.",,
70819,7081,"Recreation, culture, and religion n.e.c.","Loisirs, culture et religion n.c.a.",,
70829,7082,"Cultural services","Services culturels",,
70839,7083,"Broadcasting and publishing services","Services de radiodiffusion, de télévision et d'édit",,
70849,7084,"Religious and other community services","Services religieux et autres services communautaires",,
70859,7085,"R&D Recreation, culture, and religion","R-D dans le domaine des loisirs, de la culture et de l",,
70869,7086,"Recreational and sporting services","Services récréatifs et sportifs",,
70929,7092,"Primary and Secondary education","Enseignement primaire et secondaire",,
70939,7093,"College education","Enseignement collégial",,
70949,7094,"University education","Enseignement universitaire",,
70959,7095,"Education not definable by level","Enseignement non défini par niveau",,
70969,7096,"Subsidiary services to education","Services annexes à l'enseignement",,
70979,7097,"R&D Education","R-D dans le domaine de l'enseignement",,
70989,7098,"Education n.e.c.","Enseignement n.c.a.",,
71011,7101,"Sickness","Maladie",,
71012,7101,"Disability","Invalidité",,
71029,7102,"Old age","Vieillesse",,
71039,7103,"Survivors","Survivants",,
71049,7104,"Family and children","Famille et enfants",,
71059,7105,"Unemployment","Chômage",,
71069,7106,"Housing","Logement",,
71071,7107,"Victim's services","Services d'aide aux victimes",,
71079,7107,"Social exclusion n.e.c.","Exclusion sociale n.c.a.",,
71089,7108,"R&D Social protection","R-D dans le domaine de la protection sociale",,
71099,7109,"Social protection n.e.c.","Protection sociale n.c.a.",,
"GOC001","SA0001","Employment and Income Security","Emploi et sécurité du revenu","Program activities aim to improve the financial situation of Canadians and to provide basic income support to the most vulnerable of Canadian society. This outcome area also includes Employment Insura","Les activités de programme visent à améliorer la situation financière des Canadiens et à fournir un soutien du revenu de base aux personnes économiquement défavorisées. Ce secteur de résultat"
"GOC002","SA0001","Economic Development","Croissance économique","Program activities aim to create an environment conducive to economic growth and to promote the development of all sectors of the economy and in all regions of Canada.","Les activités de programme visent à créer un environnement propice à la croissance économique et à favoriser le développement de tous les secteurs de l'économie dans l'ensemble des régions du"
"GOC003","SA0001","Research and Development","Recherche et développement","Program activities aim to prepare Canada for future challenges by investing in innovative research and development and in specialized education and training.","Les activités de programme visent à préparer le Canada à relever les défis futurs en investissant dans la recherche et le développement d'avant-garde et dans la formation et l'enseignement spéc"
"GOC004","SA0001","Environment","Environnement","Program activities aim to ensure that Canada's environment is restored and protected, and that natural resources are used in a sustainable manner for future generations.","Les activités de programme visent à améliorer et à protéger l'environnement du Canada et à veiller à ce que les ressources naturelles soient utilisées de manière durable pour que les généra"
"GOC005","SA0001","Market integrity, regulation, and competition","Intégrité du marché, réglementation et concurrence","Program activities aim to stimulate private investment and business activities and to maintain the integrity of the Canadian marketplace.","Les activités de programme visent à favoriser la croissance de l'investissement privé et des activités commerciales et à préserver l'intégrité du marché canadien."
"GOC006","SA0004","Health","Santé","Program activities aim to create a responsible, accessible, and sustainable health system. This outcome area also includes the Canada Health Transfer.","Les activités de programme visent à créer un système de santé responsable, facile d'accès et durable. Ce secteur de résultats comprend également le Transfert canadien en matière de santé."
"GOC007","SA0004","Safety and Security","Sécurité et sûreté","Program activities aim to maintain the safety and security of Canada and its citizens through crime prevention, law enforcement, the securing of Canadian borders, and emergency preparedness.","Les activités de programme visent à préserver la sécurité du Canada et de ses citoyens en veillant à la prévention du crime, au maintien de l'ordre, à la sécurité des frontières du pays et"
"GOC008","SA0004","Social Inclusion","Inclusion sociale","Program activities aim to promote and protect Canada 's official languages, human rights (including basic living standards), and the participation of all groups in Canadian society.","Les activités de programme visent à promouvoir et à protéger les langues officielles du Canada, les droits de la personne (y compris le droit à un niveau de vie acceptable) ainsi que la participa"
"GOC009","SA0004","Heritage and Culture","Patrimoine et culture","Program activities aim to support Canadian culture and enhance knowledge of Canada's history and heritage, such as military history and national heritage sites.","Les activités de programme visent à soutenir la culture canadienne et à améliorer les connaissances en ce qui concerne l'histoire et le patrimoine culturel du Canada, notamment l'histoire militair"
"GOC010","SA0003","International Engagement","Engagement international","Program activities aim both to promote peace and security, freedom, democracy, human rights and the rule of law throughout the world, and to provide Canadian representation abroad. This is achieved th","Les activités de programme visent à promouvoir la paix et la sécurité, la liberté, la démocratie, les droits de la personne et la primauté du droit dans le monde, ainsi qu'à assurer la représ"
"GOC011","SA0003","International Development","Développement international","Program activities aim to support sustainable development in developing countries. This includes supporting social and economic development and food security activities; providing emergency internatio","Les activités de programme visent à contribuer au développement durable dans les pays en développement. Cela comprend un appui à des activités contribuant au développement social et économique"
"GOC012","SA0003","North American Partnership","Partenariat nord-américain","Program activities aim to improve the socio-economic well-being and security of citizens across the continent. Canada's efforts in this outcome area touch on issues, such as security, trade facilitati","Les activités de programme visent à améliorer le bien-être socioéconomique et la sécurité des citoyens de tout le continent. Les efforts déployés par le Canada à cet effet touchent divers as"
"GOC013","SA0003","International Trade and Investment","Commerce et investissements internationaux","Program activities aim to promote and sustain international trade and investment for Canada and Canadian businesses through the promotion of Canadian goods and services abroad, the negotiation of inte","Les activités de programme visent à favoriser et à soutenir le commerce et les investissements internationaux au profit du Canada et des entreprises canadiennes au moyen de la promotion des produit"
"GOC014","SA0002","Democratic Institutions","Institutions démocratiques","Program activities include the functions performed by the three arms of government – the judiciary, the legislature, and the executive – and activities that aim to support these institutions and t","Les activités de programmes comprennent les fonctions exercées par les trois pouvoirs du gouvernement  – le pouvoir judiciaire, le pouvoir législatif et le pouvoir exécutif – ainsi que les act"
"GOC015","SA0002","Transparency and Accountability","Transparent et responsable","Program activities aim to safeguard public trust in government and strengthen the interaction between the government and Canadian citizens. This is done through the delivery of services that are respo","Les activités de programmes visent à maintenir la confiance du public et à renforcer l'interaction entre le gouvernement et les citoyens canadiens. Cela se fait par la prestation de services qui r"
"GOC016","SA0002","Government Operations","Activités gouvernementales","Program activities aim to support the government in delivering its core operations, and to maintain rigorous stewardship over financial resources, assets and human resources. This includes the federal","Les activités de programmes visent à appuyer le gouvernement dans l'exécution de ses activités essentielles et à assurer l'administration rigoureuse des ressources financières, des actifs et des"
"GOC017","SA0005","Internal Services","Services internes","Internal services are groups of related activities and resources that are administered to support the needs of programs and other corporate obligations of an organization. Internal services include on","Les services internes sont des groupes d'activités connexes et de ressources administrés de manière à répondre aux besoins des programmes d'une organisation, et à lui permettre de remplir ses au"
"GOC019","SA9999","Crown Corporations","Sociétés d'État","Crown corporations are government organizations that operate following a private sector model, but usually have a mixture of commercial and public policy objectives. Parent Crown corporations are dire","Les sociétés d’État sont des organisations gouvernementales qui mènent leurs activités selon un modèle propre au secteur privé, mais elles ont généralement des objectifs stratégiques qui s"
"MOD001","HWH","Regulation / Legislation","Réglementation ou législation","Regulations establish obligations of Canadians and organisations that can be enforced by law. They are essentially a form of law that sets out principles, rules, or conditions that govern the behaviou","Les règlements déterminent les obligations des Canadiens et des organisations qui sont imposées par la loi. Il s'agit essentiellement de textes législatifs énonçant les principes, les règles ou"
"MOD004","HWH","Grant","Subventions","A transfer payment subject to performance conditions specified in a funding agreement. A contribution is to be accounted for and is subject to audit.","Un paiement de transfert est soumis aux conditions de rendement prévues dans l'accord de financement. Une contribution est assujettie à une reddition de comptes, ainsi qu'à une vérification du min"
"MOD005","HWH","Contribution","Contribution","A transfer payment is subject to pre-established eligibility and other entitlement criteria. A grant is neither subject to being accounted for by a recipient nor normally subject to audit by the depar","Un paiement de transfert est soumis à des critères d'admissibilité et exigences préétablis. La subvention n'est pas assujettie à une reddition de comptes par le bénéficiaire, ni à une vérifi"
"MOD008","HWH","Other transfer payments","Autres paiements de transfert","A catch-all target group tag for Transfer Payments that do not fall under any of the proposed tag clusters.","Un paiement de transfert, autre qu'une subvention ou une contribution, dont le calcul est fait au moyen d'une formule (p. ex. transferts fédéraux aux provinces)."
"MOD019","HWH","Programs / Services for Canadians","Programmes ou services pour les Canadiens","The provision of public servant (i.e. non-military) and/or contracted (i.e. non-public servant) delivered programs or services directly to Canadians or organisations designed to influence behaviour or","Programmes ou services dont la prestation est assurée par des fonctionnaires (autres que des militaires) directement aux Canadiens ou à des organisations visant à influencer leur comportement ou à"
"MOD020","HWH","Enterprise-Wide Program / Service","Programme ou service pangouvernemental","The provision of public-servant delivered programs or services aimed toward federal government departments and agencies.","La prestation par des fonctionnaires de programmes ou de services à l'intention des ministères et organismes fédéraux."
"MOD021","HWH","Safety or Security Program / Service","Programme ou service de sécurité ou de sûreté","The provision of military, police, intelligence and other security/safety related operations aimed at ensuring the security and safety of Canadians and their institutions.","Opérations militaires, policières ou de renseignement visant à assurer la sécurité des Canadiens et de leurs institutions."
"TGT001","WWH","Children","Enfants","A person generally between the stages of birth and puberty.","De manière générale, personne âgée entre la naissance et la puberté."
"TGT002","WWH","Youth","Jeunes","A person generally between the stages of puberty and maturity.","De manière générale, personne âgée entre la puberté et la maturité."
"TGT003","WWH","Seniors","Aînés","A person generally considered to be at the age of retirement or older.","De manière générale, personne étant considérée comme étant à l'âge de la retraite ou plus âgée."
"TGT004","WWH","Families","Familles","A fundamental social group in society typically consisting of a parent(s) and their children. Includes parents and designated guardians.","Groupe social fondamental d'une société qui est habituellement composé d'un ou de deux parents, ce qui comprend les tuteurs, et d'enfants."
"TGT005","WWH","Women","Femmes","An adult female human.","Femmes adultes."
"TGT006","WWH","Indigenous people","Peuples autochtones","A person considered a North American Indian or a member of a First Nation, Métis or Inuit. North American Indians or members of a First Nation include treaty, status or registered Indians, as well as","Personne considérée comme un Indien de l'Amérique du Nord ou un membre d'une Première nation, un Métis ou un Inuit. On entend par « Indiens de l'Amérique du Nord » et « membres des Premiè"
"TGT007","WWH","Persons with disabilities","Personnes handicapées","A person with a long term or recurring physical, mental, sensory, psychiatric or learning impairment.","Personne atteinte d'une incapacité à long terme ou récurrente (incapacité physique, mentale, sensorielle, d'ordre psychiatrique ou en matière d'apprentissage)."
"TGT008","WWH","Students","Étudiants","A person who is enrolled or attends classes at a school, college, or university.","Personne inscrite à des cours ou suivant des cours à une école, un collège ou une université."
"TGT009","WWH","Detained and/or formerly incarcerated individ","Détenus ou anciens détenus","A person (currently or formerly) held in custody, captivity, or a condition of forcible restraint, including while on trial or serving a prison sentence.","Personne détenue ou ayant été détenue ou restreinte par la force, notamment pendant un procès ou l'exécution d'une peine de prison."
"TGT010","WWH","Violators of regulations and/or laws","Contrevenants à la réglementation ou à la loi","A person who is in contravention of regulation or law.","Personne qui enfreint un règlement ou une loi."
"TGT011","WWH","Victims","Victimes","A person to whom harm was done or who suffered physical or emotional loss as a result of the commission of the offence. This includes a person who was wrongly convicted in the justice system.","Personne ayant subi un préjudice ou souffrant d'une perte physique ou émotionnelle suite à la perpétration d'une violation. Ce qui comprend une personne ayant été condamnée injustement par le s"
"TGT012","WWH","Military personnel","Personnel militaire","A person who serves in the armed forces.","Personne qui sert dans les forces armées."
"TGT013","WWH","Veterans","Anciens combattants","A person who previously served in the armed forces.","Personne ayant servi dans les forces armées dans le passé."
"TGT014","WWH","Workers","Travailleurs","A person who does manual or industrial labour. I.e. Construction, forestry, fishery, mining, manufacturing, factory workers, etc.","Personne qui effectue du travail manuel ou industriel (p. ex. travailleur des secteurs de la construction, forestiers, miniers, manufacturiers et travailleur d'usine)."
"TGT015","WWH","Voters","Électeurs","A person who can or does vote.","Personne qui peut voter ou qui le fait."
"TGT016","WWH","Consumers","Consommateurs","A person who acquires goods or services for direct use or ownership.","Personne qui achète des biens et services pour un usage direct ou pour en devenir propriétaire."
"TGT017","WWH","Unemployed","Personnes sans emploi","A person considered to be available for work, but is currently without work.","Personne considérée comme apte à travailler, mais qui se trouve sans emploi."
"TGT018","WWH","Low-income individuals and/or families","Personnes ou familles à faible revenu","Individuals or families who devote a larger share of income to the necessities of food, shelter and clothing than that of an average individual or family.","Personnes ou familles qui consacrent une part plus importante de leur revenu aux nécessités, soit l'alimentation, le logement et l'habillement."
"TGT020","WWH","Entrepreneurs","Entrepreneurs","The owner or manager of a business enterprise who, by risk and initiative, attempts to make profits.","Propriétaire ou gestionnaire d'une entreprise qui, à ses propres risques et sur sa propre initiative, cherche à réaliser des profits."
"TGT021","WWH","Scientific researchers","Chercheurs scientifiques","A person engaged in scientific investigation or inquiry. I.e. Scientists, engineers, etc.","Personne oeuvrant dans le domaine de l'enquête scientifique (p. ex. scientifiques et ingénieurs)"
"TGT022","WWH","Socio-economic researchers","Chercheurs socio-économiques","A person engaged in socio-economic investigation or inquiry. i.e. Economists, analysts, social science researchers, etc.","Personne oeuvrant dans le domaine de l'enquête socio-économique (p. ex. économistes, analystes, chercheurs scientifiques en matière sociale)."
"TGT023","WWH","Health care professionals","Professionnels des soins de santé","A person engaged in the prevention, treatment, and management of illness and the preservation of mental and physical well-being.","Personne oeuvrant dans le domaine de la prévention, du traitement et de la gestion des maladies, ainsi que de la préservation du bien-être mental et physique."
"TGT024","WWH","Law enforcement officials","Responsables de l'application de la loi","A person charged with the regulation and control of the affairs of a community, trained in methods of law enforcement and crime prevention and detection and authorized to maintain the peace, safety, a","Personne chargée de la régulation et du contrôle des affaires touchant la collectivité, ayant reçu de la formation sur les méthodes d'application de la loi et de prévention et de détection des"
"TGT025","WWH","Legal professionals","Professionnels juridiques","A person qualified to practice law in a particular jurisdiction, providing legal advice, representing clients, or hearing and deciding cases. I.e. Legal aid, judges, lawyers, etc.","Personne habile à exercer le droit dans un territoire particulière, à fournir des conseils juridiques, à représenter des clients ou à instruire des causes (p. ex. aide juridique, juges, avocats"
"TGT026","WWH","Artists and/or performers","Artistes ou interprètes","A person who is able by virtue of imagination and talent or skill to create works of aesthetic value.","Personne qui, grâce à son imagination et à son talent, peut créer des oeuvres de valeur esthétique"
"TGT027","WWH","Athletes and/or coaches","Athlètes ou entraîneurs","A person trained (or a person who trains others) to compete in sports or exercises involving physical strength, speed, or endurance.","Personne s'entraînant (ou personne qui entraîne les autres) en vue de compétitions sportives ou d'exercices faisant appel à la force physique, la vitesse ou l'endurance."
"TGT028","WWH","Farmers","Agriculteurs","Any person, partnership, corporation or cooperative association that is or intends to be engaged in the production of field-grown crops, cultivated and uncultivated, and horticultural crops, the raisi","Personne, partenariat, société ou coopérative qui fait ou vise à faire la production de végétaux de plein champ, cultivés ou non, et de plantes horticoles, l'élevage de bétail, de volaille et"
"TGT029","WWH","Public servants","Fonctionnaires","The collective group of federal public servants working for the Government of Canada.","Personne du secteur public qui travaille pour le gouvernement du Canada."
"TGT030","WWH","Members of Parliament","Députés","A person who is a member of the House of Commons.","Personne qui est membre de la Chambre des communes."
"TGT032","WWH","Rural communities","Communautés rurales","A community relating to, or constituting rural areas. Includes rural residents.","Communauté désignant ou constituant une zone rurale, ce qui comprend les résidents ruraux."
"TGT033","WWH","Northern communities","Communautés du Nord","A community relating to, or constituting northern communities. Includes northern residents.","Communauté désignant ou constituant une communauté du Nord, ce qui comprend les résidents du Nord."
"TGT034","WWH","Local and/or regional communities","Communautés locales ou régionales","A specific community or group of people that can be identified with a particular geographic area.","Communauté ou groupe particulier de personnes correspondant à un secteur géographique particulier."
"TGT035","WWH","Language minority communities","Communautés de langue officielle en situation minorit","Groups of Canadians whose first or preferred language is French or English and who live in a province where that language is in a minority.","Groupes de Canadiens dont la première langue est le français ou l'anglais et qui vivent dans une province où leur langue est en situation minoritaire."
"TGT036","WWH","Canadians travelling, working, studying, and/","Canadiens voyageant, travaillant, étudiant ou vivant","A person who is a Canadian citizen and who is engaged in travel, work, study, or lives outside of Canada.","Personnes de citoyenneté canadienne qui voyagent, travaillent, étudient ou vivent à l'extérieur du Canada."
"TGT037","WWH","Immigrants and/or refugees","Immigrants ou réfugiés","A person residing (or recently arrived and seeking to reside) in Canada who were born outside of Canada, excluding temporary foreign workers, Canadian citizens born outside Canada and those with stude","Personne résidant (ou étant récemment arrivée ou qui demande la résidence) au Canada qui est née à l'extérieur du Canada, ce qui exclut les travailleurs étrangers temporaires, les citoyens ca"
"TGT038","WWH","International students","Étudiants étrangers","A person who is not a Canadian citizen or does not reside in Canada and who is enrolled or attends classes at a school, college, or university within Canada.","Personnes n'ayant pas la citoyenneté canadienne ou ne résidant pas au Canada qui sont inscrites à des cours ou suivent des cours à une école, un collège ou une université au Canada."
"TGT039","WWH","Tourists and/or foreign visitors","Touristes ou visiteurs étrangers","A person(s) who crosses the border seeking entry to Canada.","Personnes qui entrent au Canada en passant par un poste frontalier."
"TGT040","WWH","Foreign and/or migrant workers","Travailleurs étrangers migrants","A person who works in a country other than the one of which he or she is a citizen.","Personne qui travaille dans un pays autre que son pays de résidence."
"TGT041","WWH","Foreign investors and/or foreign entrepreneur","Investisseurs et/ou entrepreneurs étrangers","A person who is not a Canadian citizen or does not reside in Canada and who seeks to put money and/or bring business into Canada with the hope of making a profit.","Personnes n'ayant pas la citoyenneté canadienne ou ne résidant pas au Canada qui souhaitent investir ou établir une entreprise au Canada dans le but de faire des profits."
"TGT042","WWH","Families in developing countries / regions","Familles dans des pays ou des régions en développeme","A fundamental social group in society who are not Canadian citizens and do not reside in Canada. This includes children, women, men, parents, and/or seniors in developing countries/regions considered","Groupe social fondamental d'une société constitué de personnes n'ayant pas la citoyenneté canadienne et ne résidant pas au Canada. Cela comprend les enfants, les femmes, les hommes, les parents e"
"TGT044","WWH","General public","Grand public","The totality grouping of people who reside in a country. I.e. Canadians in general.","Groupe complet de personnes résidant dans un pays (p. ex. tous les Canadiens)."
"TGT045","WWH","Agriculture industry","Secteur agricole","A sector of the economy that is engaged in the cultivation of plants, animals, and other life forms for food products used to sustain life.","Secteur de l'économie qui oeuvre dans le domaine de la culture de végétaux, de l'élevage d'animaux et autres formes de vie afin de générer des produits alimentaires nécessaires à la vie."
"TGT046","WWH","Forestry industry","Secteur forestier","A sector of the economy that is engaged in managing, using, and conserving forests and associated resources in a sustainable manner to meet desired goals, needs, and values for the benefit of citizens","Secteur de l'économie qui oeuvre dans le domaine de la gestion, l'utilisation et la conservation des forêts et ressources connexes de manière durable pour répondre aux buts, besoins et valeurs des"
"TGT047","WWH","Fisheries and Aquaculture","Pêches et aquaculture","A sector of the economy that is engaged in the practice of pursuing living animals and fish for food, recreation, or trade.","Secteur de l'économie qui oeuvre dans le domaine de la chasse et de la pêche à des fins alimentaires, récréatives ou commerciales."
"TGT048","WWH","Mining, and/or oil & gas exploration industri","Secteur de l'exploitation minière, gazière et pétro","A sector of the economy that is engaged in the extraction of valuable minerals, oils, gases, and other geological materials from the earth.","Secteur de l'économie qui oeuvre dans le domaine de l'extraction de minerais, de pétrole et de gaz et autres matières géologiques du sol."
"TGT049","WWH","Energy and/or utilities sector","Secteur de l'énergie et des services publics","The totality of all the industries involved in the production and sale of energy. I.e. Electrical power, nuclear power, natural gas, etc.","Totalité des industries associées à la production et à la vente d'énergie (p. ex. électricité, énergie nucléaire, gaz naturel)."
"TGT050","WWH","Manufacturing industry","Secteur manufacturier","A sector of the economy involved in the use of machines, tools, and labour to produce goods for use and sale. i.e. Food, textile, petroleum, plastic, chemical, metal, electrical, etc.","Secteur de l'économie utilisant des machines, des outils et de la main-d'oeuvre pour produire des marchandises pour usage et vente (p. ex. aliments, textiles, pétrole, plastique, produits chimiques"
"TGT051","WWH","Import / export sectors","Secteurs de l'importation et de l'exportation","A sector of the economy that is engaged in the transfer of ownership of goods and services from one person or group to another.","Secteur de l'économie qui oeuvre dans le domaine du transfert de propriété de biens et services d'une personne ou groupe à un autre."
"TGT052","WWH","Retail industry","Secteur du détail","A sector of the economy specializing in the sale of goods or merchandise, typically from a fixed location. i.e. Motor vehicle, furniture, electronics, gasoline, clothing, etc.","Secteur de l'économie spécialisé dans la vente de biens et de marchandises, normalement à un emplacement fixe (p. ex. véhicules motorisés, meubles, produits électroniques, essence, vêtements)"
"TGT053","WWH","Transportation industry","Secteur des transports","A sector of the economy engaged in the movement of people and resources.","Secteur de l'économie qui oeuvre dans le domaine du déplacement des personnes et des ressources."
"TGT054","WWH","Movie, television, and/or publishing sectors","Secteurs du film de la télévision ou de l'édition","A sector of the economy engaged in the development and production of media and entertainment.","Secteur de l'économie qui oeuvre dans le domaine du développement et de la production de communication et divertissement."
"TGT055","WWH","Telecommunications sector","Secteur des télécommunications","A sector of the economy engaged in the science of sending messages or information by telephone, telegraph, radio, television etc.","Secteur de l'économie qui oeuvre dans le domaine de la science de l'envoi de messages ou d'information, notamment par téléphone, télécopieur, radio, télévision."
"TGT056","WWH","Science and technology industry","Secteur de la science et technologie","A sector of the economy engaged in the undertaking of scientific and technical research and/or the allocation of resources for and encouragement of scientific and engineering research and development","Secteur de l'économie qui oeuvre dans le domaine de la recherche scientifique et technique ou de l'attribution de ressources pour promouvoir la recherche et le développement scientifiques ou techniq"
"TGT057","WWH","Finance and/or insurance sectors","Secteurs des finances et de l'assurance","A sector of the economy engaged in the management of money, banking, investments, and credit. A sector of the economy engaged in the indemnification of persons or against specified loss in return for","Secteur de l'économie qui oeuvre dans le domaine de la gestion de l'argent, des banques, des investissements et du crédit. Secteur de l'économie qui oeuvre dans le domaine de l'indemnisation des pe"
"TGT058","WWH","Housing sector","Secteur du logement","A sector of the economy comprised of the building and prefabrication of residential homes, mortgage insurers and suppliers of building material.","Secteur de l'économie associé à la construction et à la préfabrication de maisons résidentielles, à l'assurance des hypothèques et à la fourniture de matériel de construction."
"TGT059","WWH","Training and/or educational sectors","Secteurs de la formation et de l'enseignement","A sector of society engaged in the act or process of educating or instructing persons.","Segment de la société associé à l'acte d'enseigner à des personnes ou au processus d'enseignement."
"TGT060","WWH","Health care and/or social assistance sectors","Secteurs des soins de santé et de l'aide sociale","A sector of society engaged in the prevention, treatment, and management of illness and the preservation of mental and physical well-being of persons. I.e. Hospitals, nursing facilities, ambulatory ca","Segment de la société associé à la prévention, au traitement et à la gestion des maladies, ainsi qu'à la préservation du bien-être mental et physique des personnes (p. ex. hôpitaux, établis"
"TGT061","WWH","Performing arts sector","Secteur des arts d'interprétation","A sector of our society engaged in the artistic and cultural entertainment of people.","Segment de la société oeuvrant dans le domaine artistique et du divertissement culturel."
"TGT062","WWH","Sports and/or recreation industry","Secteur des sports et loisirs","A sector of our society engaged in the entertainment and leisure of people. I.e. Amusement parks, casinos, professional sports teams, parks and trails, etc.","Segment de la société associé aux divertissements et aux loisirs pour les personnes (p. ex. parcs d'attractions, casinos, équipes sportives professionnelles, parcs et sentiers)."
"TGT063","WWH","Hospitality and/or food services industry","Secteurs de l'accueil et des services alimentaires","A sector of our economy engaged primarily in the provision of lodging and restaurant services to people. This industry depends upon the availability of leisure time and disposable income of people.","Segment de notre économie associé principalement aux services de logement et de restauration pour les personnes. Ce secteur est tributaire du temps de loisir et du revenu dont disposent les personne"
"TGT065","WWH","Small sized businesses","Petites entreprises","Is typically an enterprise that has less than 50 employees and less than $5 million in annual sales.","S'entend habituellement d'une entreprise comptant moins de 50 employés et générant moins de 5 millions de dollars de ventes annuelles."
"TGT066","WWH","Medium sized businesses","Moyennes entreprises","Is typically an enterprise that has between 50 and 500 employees and between $5 million and $50 million in annual sales.","S'entend habituellement d'une entreprise comptant entre 50 et 500 employés et générant entre de 5 millions de dollars et 50 millions de dollars de ventes annuelles."
"TGT067","WWH","Large sized businesses","Grandes entreprises","The part of the Canadian economy which is run by private individuals or groups, usually as a means of enterprise for profit, and is not controlled by the government.","La partie de l'économie canadienne qui est géré par des individus ou des groupes privés, généralement à but lucratif, et non contrôlée par le gouvernement."
"TGT068","WWH","Indigenous/northern businesses","Autochtones/ entreprises du Nord","An enterprise that is owned by aboriginals.","Une entreprise qui appartient aux autochtones"
"TGT069","WWH","Colleges and/or universities","Collèges ou universités","An institution for higher learning generally with teaching and research facilities. I.e. Academia.","Institution d'enseignement supérieur comportant généralement des établissements d'enseignement et de recherche."
"TGT070","WWH","Heritage institutions","Institutions patrimoniales","An established organization or foundation, especially one dedicated to education, public service, or culture. I.e. Museums, zoos, nature parks, etc.","Organisation établie ou fondation, notamment celle vouée à l'éducation, au service public ou à la culture (p. ex. musées, zoos, parcs naturels, etc.)."
"TGT071","WWH","Canadian Forces","Forces canadiennes","The unified armed forces of Canada.","Forces armées unifiées du Canada."
"TGT072","WWH","Non-governmental organizations (NGO)","Organismes non gouvernementaux (ONG)","An organization that is not part of the local, provincial, or federal government. I.e. Community organizations, religious groups, civic, social, etc.","Organisation qui ne fait pas partie du gouvernement local, provincial ou fédéral (p. ex. organisations communautaires, groupes religieux, civiques ou sociaux, etc.)."
"TGT073","WWH","Federal public service","Fonction publique fédérale","The collective group of federal public servants working for the Government of Canada.","Groupe collectif des fonctionnaires fédéraux travaillant pour le gouvernement du Canada."
"TGT074","WWH","Federal departments and/or agencies","Ministères ou organismes fédéraux","An organization outside the program's department or agency but within the structure of the Canadian government that has been assigned to govern a particular area of responsibility.","Organisation au sein de la structure du gouvernement du Canada à laquelle a été confiée la régie d'un secteur de responsabilité particulier."
"TGT077","WWH","Private sector / businesses in developing cou","Secteur privé et entreprises de pays ou de régions e","A part of the international economy which is run by private individuals or groups, usually by the enterprise for profit and is not controlled by the government. This includes private sector/businesses","Partie de l'économie mondiale exploitée par des personnes ou des groupes privés, habituellement des entreprises privées à but lucratif non contrôlées par le gouvernement. Cela comprend le secte"
"TGT078","WWH","Civil society in developing countries / regio","Société civile de pays ou de régions en développem","The aggregate of non-governmental organizations and institutions that manifest the interests and the will of citizens in developing countries/regions that need assistance from Canada.","Regroupement d'organisations et d'institutions non gouvernementales représentant les intérêts et la volonté des citoyens de pays ou de régions en développement qui ont besoin d'une aide du Canad"
"TGT079","WWH","Government institutions in developing countri","Institutions gouvernementales de pays ou des régions","International governing bodies or organizations in developing countries/regions that need assistance from Canada.","Organes ou organismes directeurs étrangers de pays ou de régions en développement qui ont besoin d'une aide du Canada."
"TGT080","WWH","Contaminated sites","Sites contaminés","Urban or rural sites that have been made impure or unclean.","Emplacements urbains ou ruraux ayant été souillés ou rendus malsains."
"TGT081","WWH","Greenhouse gas emitters","Émetteurs de gaz à effet de serre","Large industrial greenhouse gas emitters in Canada. Includes all facilities that emit the equivalent of 50 000 tonnes (50 kilotons) or more of greenhouse gases in carbon dioxide equivalent units (e.g.","Grandes industries émettrices de gaz à effet de serre au Canada. Ce sont les installations qui émettent l'équivalent de 50 000 tonnes (50 kilotonnes) ou plus de gaz à effet de serre en équivalen"
"TGT082","WWH","Water treatment / distribution facilities","Installations de traitement et de distribution de l'ea","Public utilities, commercial organizations, and/or community endeavours involved in the treatment, distribution, and/or conservation of fresh water and/or wastewater.","Services publics, organisations commerciales et entreprises communautaires oeuvrant dans le traitement, la distribution et la conservation de l'eau potable ou dans l'assainissement des eaux usées."
"TGT083","WWH","Infrastructure","Infrastructure","The basic facilities, services, and installations needed for the functioning of a community or society. i.e. Roads, bridges, buildings, etc.","Installations ou services de base étant nécessaires au fonctionnement d'une communauté ou de la société (p. ex. routes, ponts, édifices)."
"TGT084","WWH","Ecological systems and/or natural habitats","Systèmes écologiques ou habitats naturels","The area or environment where an organism or ecological community normally lives or occurs.","Lieu ou environnement où vit ou se reproduit normalement un organisme ou une communauté écologique."
"TGT085","WWH","Species at risk and/or invasive species","Espèces à risque ou espèces envahissantes","Plants and animals that are considered in need of protection","Végétaux et animaux qui sont considérés comme ayant besoin d'une protection."
"TGT086","WWH","Urban communities","Communautés urbaines","A community relating to, or constituting a city or town. Includes urban residents.","Communauté désignant ou constituant une ville, ce qui comprend les résidents urbains."
"TGT087","WWH","Program(s) within the same department or agen","Programme(s) propre(s) au ministère ou à l'organisme","A program or programs within the same department or agency","Un programme ou des programmes qui appartient au même ministère ou organisme"
"TGT088","WWH","Dependants of Military and Law Enforcement Ve","Dépendants des militaires et anciens combattants char","The dependants of individuals who have previously served in the armed forces and/or law enforcement (such as the RCMP).","Dépendants des individus qui ont servi pour les forces armées et/ ou application de la loi (tel que la GRC)"
"TGT089","WWH","Foreign governments","Gouvernements étrangers","A governing body of a nation state.","Instance dirigeante d'un État-nation."
"TGT090","WWH","International organizations and/or alliances","Organisations internationales ou alliances","An organization that exists beyond state boundaries such as the United Nation or NATO.","Organisation dont l'existence dépasse les frontières des États (p. ex., les Nations Unies et l'OTAN)."
"TGT091","WWH","Provincial & territorial governments","Gouvernements provinciaux et territoriaux","Includes provincial and territorial levels of government.","Comprend les administrations provinciales et territoriales."
"TGT092","WWH","Municipal governments","Administrations municipales","Includes municipal levels of government and other local organizations.","Comprend les administrations municipales et d'autres organisations locales."
"TGT093","WWH","Indigenous Band, Tribal Council, Nation and/o","Bande autochtone, conseil tribal, nation ou alliance","A First Nations and/or Inuit group, or regional grouping of First Nations and/or Inuit groups.","Première nation ou groupe d'Inuits, ou regroupement régional de Premières nations ou de groupes d'Inuits."
"TGT094","WWH","Small and Medium Enterprises","Petites et moyennes entreprises","The part of the Canadian economy which is run by private individuals or groups, usually as a means of enterprise for profit, and is not controlled by the government.","La partie de l'économie canadienne qui est géré par des individus ou des groupes privés, généralement à but lucratif, et non contrôlée par le gouvernement."

